{
  "version": "20260407-empirical",
  "source_shards": [
    0,
    1,
    2,
    3,
    4,
    5,
    6,
    7,
    8,
    9
  ],
  "total_records": 34765,
  "widths": {
    "I(R)": 0.37238081887734154,
    "R(D)": 0.13099315885549095,
    "R(R)": 0.7880875788065382,
    "I(D)": 0.749887420728765,
    "I(I)": 1.1084587657293972,
    "R(I)": 1.1947236214801331,
    "D(D)": 0.41653495749842057,
    "D(I)": 0.9854301575962963,
    "D(R)": 1.3370866347719288
  },
  "counts": {
    "I(R)": 3843,
    "R(D)": 7772,
    "R(R)": 4496,
    "I(D)": 5688,
    "I(I)": 3573,
    "R(I)": 1089,
    "D(D)": 3628,
    "D(I)": 2625,
    "D(R)": 2051
  },
  "per_shard": {
    "0": {
      "I(R)": {
        "n": 416,
        "sigma": 0.38025592060779034
      },
      "R(D)": {
        "n": 738,
        "sigma": 0.12716694692441205
      },
      "R(R)": {
        "n": 429,
        "sigma": 0.7877559059604343
      },
      "I(D)": {
        "n": 579,
        "sigma": 0.7529647791843355
      },
      "I(I)": {
        "n": 354,
        "sigma": 1.1120858755839211
      },
      "R(I)": {
        "n": 118,
        "sigma": 1.2011854509017605
      },
      "D(D)": {
        "n": 348,
        "sigma": 0.41771758406551796
      },
      "D(I)": {
        "n": 267,
        "sigma": 0.9825541846491983
      },
      "D(R)": {
        "n": 184,
        "sigma": 1.335519872028093
      }
    },
    "1": {
      "I(I)": {
        "n": 385,
        "sigma": 1.0954758434994338
      },
      "I(D)": {
        "n": 581,
        "sigma": 0.7457918368098689
      },
      "I(R)": {
        "n": 366,
        "sigma": 0.3684731116933812
      },
      "R(D)": {
        "n": 785,
        "sigma": 0.1314522088222635
      },
      "D(R)": {
        "n": 201,
        "sigma": 1.338211584718099
      },
      "R(R)": {
        "n": 419,
        "sigma": 0.7908213233871372
      },
      "D(D)": {
        "n": 339,
        "sigma": 0.40799366734740083
      },
      "D(I)": {
        "n": 254,
        "sigma": 0.9822268995731345
      },
      "R(I)": {
        "n": 101,
        "sigma": 1.1872995173796321
      }
    },
    "2": {
      "R(I)": {
        "n": 99,
        "sigma": 1.2056428715175638
      },
      "I(R)": {
        "n": 378,
        "sigma": 0.3751650786073612
      },
      "R(D)": {
        "n": 803,
        "sigma": 0.12855567117370656
      },
      "D(I)": {
        "n": 258,
        "sigma": 0.9975641960170816
      },
      "I(D)": {
        "n": 563,
        "sigma": 0.7450097719433612
      },
      "D(D)": {
        "n": 367,
        "sigma": 0.4121292334038694
      },
      "R(R)": {
        "n": 466,
        "sigma": 0.7857512184202593
      },
      "D(R)": {
        "n": 206,
        "sigma": 1.3354508228040636
      },
      "I(I)": {
        "n": 367,
        "sigma": 1.109589871536989
      }
    },
    "3": {
      "R(D)": {
        "n": 786,
        "sigma": 0.13359878037043427
      },
      "I(R)": {
        "n": 360,
        "sigma": 0.3736091673657292
      },
      "R(R)": {
        "n": 451,
        "sigma": 0.7903882523772197
      },
      "D(I)": {
        "n": 257,
        "sigma": 0.9856356253779448
      },
      "D(D)": {
        "n": 371,
        "sigma": 0.4066068451294848
      },
      "I(D)": {
        "n": 572,
        "sigma": 0.7499470095564578
      },
      "R(I)": {
        "n": 115,
        "sigma": 1.196904021365695
      },
      "I(I)": {
        "n": 329,
        "sigma": 1.1056104348788864
      },
      "D(R)": {
        "n": 207,
        "sigma": 1.3429065842843604
      }
    },
    "4": {
      "D(D)": {
        "n": 376,
        "sigma": 0.4097191015416262
      },
      "R(R)": {
        "n": 448,
        "sigma": 0.7873417884477131
      },
      "D(R)": {
        "n": 199,
        "sigma": 1.336436774152794
      },
      "D(I)": {
        "n": 262,
        "sigma": 0.9791963386206088
      },
      "I(D)": {
        "n": 549,
        "sigma": 0.7532426093790453
      },
      "R(D)": {
        "n": 775,
        "sigma": 0.12857149393641176
      },
      "I(I)": {
        "n": 375,
        "sigma": 1.1152721495581404
      },
      "I(R)": {
        "n": 423,
        "sigma": 0.3614294034282472
      },
      "R(I)": {
        "n": 114,
        "sigma": 1.1985293474781964
      }
    },
    "5": {
      "I(D)": {
        "n": 635,
        "sigma": 0.7474339338135985
      },
      "R(D)": {
        "n": 780,
        "sigma": 0.1315717090455358
      },
      "D(R)": {
        "n": 184,
        "sigma": 1.3370190169769625
      },
      "R(R)": {
        "n": 460,
        "sigma": 0.7875663019274145
      },
      "I(I)": {
        "n": 365,
        "sigma": 1.099366418484579
      },
      "D(I)": {
        "n": 260,
        "sigma": 0.989375925464306
      },
      "I(R)": {
        "n": 356,
        "sigma": 0.36435663727886836
      },
      "D(D)": {
        "n": 381,
        "sigma": 0.42824577288792604
      },
      "R(I)": {
        "n": 111,
        "sigma": 1.1895666076431877
      }
    },
    "6": {
      "R(D)": {
        "n": 753,
        "sigma": 0.13098364836477777
      },
      "R(R)": {
        "n": 461,
        "sigma": 0.7859427365725181
      },
      "D(I)": {
        "n": 270,
        "sigma": 0.9698591173689244
      },
      "I(I)": {
        "n": 341,
        "sigma": 1.1139627526210023
      },
      "I(D)": {
        "n": 527,
        "sigma": 0.7515999449000664
      },
      "D(R)": {
        "n": 220,
        "sigma": 1.3337628677966673
      },
      "D(D)": {
        "n": 398,
        "sigma": 0.40905563868308553
      },
      "I(R)": {
        "n": 390,
        "sigma": 0.3701403269241248
      },
      "R(I)": {
        "n": 132,
        "sigma": 1.1787687753712646
      }
    },
    "7": {
      "I(I)": {
        "n": 330,
        "sigma": 1.1117598570129694
      },
      "R(R)": {
        "n": 475,
        "sigma": 0.7874018531608588
      },
      "R(I)": {
        "n": 105,
        "sigma": 1.2040633693067153
      },
      "D(I)": {
        "n": 259,
        "sigma": 0.9894886420860065
      },
      "I(R)": {
        "n": 375,
        "sigma": 0.38204829515017935
      },
      "I(D)": {
        "n": 537,
        "sigma": 0.7527073751103813
      },
      "R(D)": {
        "n": 749,
        "sigma": 0.12918677699476677
      },
      "D(D)": {
        "n": 354,
        "sigma": 0.4107304203190624
      },
      "D(R)": {
        "n": 206,
        "sigma": 1.3383898392767641
      }
    },
    "8": {
      "R(D)": {
        "n": 749,
        "sigma": 0.13707801910288295
      },
      "I(D)": {
        "n": 575,
        "sigma": 0.7583677207210072
      },
      "I(R)": {
        "n": 373,
        "sigma": 0.37731882913686954
      },
      "D(D)": {
        "n": 337,
        "sigma": 0.40377390778193006
      },
      "R(R)": {
        "n": 465,
        "sigma": 0.7895486836720839
      },
      "D(I)": {
        "n": 265,
        "sigma": 0.9961578564669953
      },
      "I(I)": {
        "n": 355,
        "sigma": 1.1115262660452996
      },
      "D(R)": {
        "n": 224,
        "sigma": 1.3396173043144186
      },
      "R(I)": {
        "n": 105,
        "sigma": 1.2008466321085174
      }
    },
    "9": {
      "I(I)": {
        "n": 372,
        "sigma": 1.110829557455512
      },
      "I(D)": {
        "n": 570,
        "sigma": 0.7422618895363282
      },
      "D(D)": {
        "n": 357,
        "sigma": 0.45647919319242725
      },
      "R(D)": {
        "n": 854,
        "sigma": 0.1314453049092864
      },
      "D(R)": {
        "n": 220,
        "sigma": 1.3335701002662534
      },
      "R(I)": {
        "n": 89,
        "sigma": 1.1862167347011414
      },
      "R(R)": {
        "n": 422,
        "sigma": 0.7886785161272263
      },
      "I(R)": {
        "n": 406,
        "sigma": 0.3707704062574189
      },
      "D(I)": {
        "n": 273,
        "sigma": 0.9826272062542608
      }
    }
  }
}