{
  "timeframe": "MICRO",
  "window": 72,
  "min_duration": 6,
  "n_bars_total": 75514,
  "n_bars_labelled": 75298,
  "centroids": {
    "I": {
      "D": 0.36857161602120514,
      "I": 0.7236483166134975,
      "R": 0.05851048885562388,
      "temporal": 0.07930961659695683,
      "density": 0.1742681070602988,
      "entropy": 0.508708796223755
    },
    "D": {
      "D": 0.7227323234510553,
      "I": 0.12440879990583792,
      "R": 0.26312711030548863,
      "temporal": 0.07839673296030618,
      "density": 0.16814046087261764,
      "entropy": 0.5165972177834808
    },
    "R": {
      "D": 0.5374205022093057,
      "I": 0.40844508613536984,
      "R": 0.13924066879435354,
      "temporal": 0.04858666685305133,
      "density": 0.16432989852306107,
      "entropy": 0.6649387743977119
    }
  },
  "time_distribution": {
    "D": 0.26895800685277166,
    "I": 0.3015086722090892,
    "R": 0.4295333209381391
  },
  "durations": {
    "D": {
      "median": 49.0,
      "mean": 50.75689223057644,
      "max": 182,
      "episodes": 399
    },
    "I": {
      "median": 28.0,
      "mean": 43.575815738963534,
      "max": 267,
      "episodes": 521
    },
    "R": {
      "median": 26.0,
      "mean": 38.412114014251785,
      "max": 280,
      "episodes": 842
    }
  },
  "transition_matrix": {
    "D->D": 0,
    "D->I": 45,
    "D->R": 354,
    "I->D": 33,
    "I->I": 0,
    "I->R": 488,
    "R->D": 366,
    "R->I": 475,
    "R->R": 0
  }
}