{
  "timeframe": "MACRO",
  "window": 30,
  "min_duration": 3,
  "n_bars_total": 3152,
  "n_bars_labelled": 3062,
  "centroids": {
    "D": {
      "D": 0.753111862474737,
      "I": 0.31235402224779996,
      "R": 0.07923170942213026,
      "temporal": 0.10434296171273727,
      "density": 0.1628555318745463,
      "entropy": 0.46939467820782843
    },
    "I": {
      "D": 0.4457996543351579,
      "I": 0.6995467034778688,
      "R": 0.0631693437236013,
      "temporal": 0.06599327738681574,
      "density": 0.17193490084999222,
      "entropy": 0.4680048453066422
    },
    "R": {
      "D": 0.5438866683240121,
      "I": 0.19981331308144185,
      "R": 0.493291113753797,
      "temporal": 0.04769549176496571,
      "density": 0.17598608030338697,
      "entropy": 0.5434467940927877
    }
  },
  "time_distribution": {
    "D": 0.3079686479425212,
    "I": 0.49346832135858915,
    "R": 0.19856303069888961
  },
  "durations": {
    "D": {
      "median": 13.0,
      "mean": 15.209677419354838,
      "max": 75,
      "episodes": 62
    },
    "I": {
      "median": 22.0,
      "mean": 26.50877192982456,
      "max": 104,
      "episodes": 57
    },
    "R": {
      "median": 17.0,
      "mean": 17.37142857142857,
      "max": 48,
      "episodes": 35
    }
  },
  "transition_matrix": {
    "D->D": 0,
    "D->I": 47,
    "D->R": 15,
    "I->D": 37,
    "I->I": 0,
    "I->R": 19,
    "R->D": 25,
    "R->I": 10,
    "R->R": 0
  }
}