{
  "timeframe": "MESO",
  "window": 7,
  "min_duration": 3,
  "n_bars_total": 3152,
  "n_bars_labelled": 3131,
  "centroids": {
    "D": {
      "D": 0.866385342476643,
      "I": 0.1738288540045907,
      "R": 0.0806227544463985,
      "temporal": 0.09186547474685103,
      "density": 0.18967876108848197,
      "entropy": 0.3297653453915586
    },
    "I": {
      "D": 0.4324751675277904,
      "I": 0.7545142430637479,
      "R": 0.012559504005053498,
      "temporal": 0.07947399334443418,
      "density": 0.2029991532643586,
      "entropy": 0.40132193963357676
    },
    "R": {
      "D": 0.6358909310099952,
      "I": 0.45767944864749976,
      "R": 0.10598355823916696,
      "temporal": 0.0759127906655061,
      "density": 0.20300000335529564,
      "entropy": 0.5126201096148764
    }
  },
  "time_distribution": {
    "D": 0.2529543276908336,
    "I": 0.38549984030661133,
    "R": 0.3615458320025551
  },
  "durations": {
    "D": {
      "median": 7.0,
      "mean": 7.764705882352941,
      "max": 25,
      "episodes": 102
    },
    "I": {
      "median": 8.0,
      "mean": 10.316239316239317,
      "max": 43,
      "episodes": 117
    },
    "R": {
      "median": 6.0,
      "mean": 8.385185185185184,
      "max": 35,
      "episodes": 135
    }
  },
  "transition_matrix": {
    "D->D": 0,
    "D->I": 42,
    "D->R": 60,
    "I->D": 43,
    "I->I": 0,
    "I->R": 74,
    "R->D": 59,
    "R->I": 75,
    "R->R": 0
  }
}