{
  "alignment_percentages": {
    "D-aligned": 0.029074205332315577,
    "I-aligned": 0.07078403576686113,
    "R-aligned": 0.032318303255002456,
    "mixed": 0.8678234556458209
  },
  "forward_returns_24h": {
    "D-aligned": {
      "mean_24h_return": 0.008229515698386735,
      "median_24h_return": 0.005938533516385958,
      "std_24h_return": 0.0464750781227668,
      "sharpe_24h": 0.17707373566211035,
      "n_observations": 2133,
      "win_rate": 0.5897796530707923
    },
    "I-aligned": {
      "mean_24h_return": 0.00029303833548013425,
      "median_24h_return": 0.0003486474912526294,
      "std_24h_return": 0.02277161636794411,
      "sharpe_24h": 0.012868578617574464,
      "n_observations": 5193,
      "win_rate": 0.5156942037357982
    },
    "R-aligned": {
      "mean_24h_return": -0.003108075640796548,
      "median_24h_return": -0.0023226157961359073,
      "std_24h_return": 0.035621672047249975,
      "sharpe_24h": -0.08725237930083335,
      "n_observations": 2371,
      "win_rate": 0.4588781105018979
    },
    "mixed": {
      "mean_24h_return": 0.0013942071395594679,
      "median_24h_return": 0.0008380700828778398,
      "std_24h_return": 0.035811535710215225,
      "sharpe_24h": 0.03893178865160398,
      "n_observations": 63643,
      "win_rate": 0.5192872743271059
    }
  },
  "total_aligned_bars": 73364
}