{
  "BTC": {
    "landscape": {
      "total_return": -0.012189705002943474,
      "sharpe_ratio": 0.05897194594967044,
      "max_drawdown": -0.1804098418717105,
      "n_trades": 2879,
      "win_rate": 0.5241403265022577,
      "avg_pnl": 3.373287025620178,
      "avg_win": 21.386160805900015,
      "avg_loss": -16.46717029879024,
      "profit_factor": 1.4304824163341454,
      "initial_capital": 10000,
      "final_capital": 9878.102949970566
    },
    "buy_hold": {
      "total_return": 13.749087751736047,
      "sharpe_ratio": 0.8059633409832245,
      "max_drawdown": -0.8294869129579501,
      "n_trades": 1,
      "win_rate": 1.0,
      "avg_pnl": 137279.9646965232,
      "avg_win": 137279.9646965232,
      "avg_loss": 0.0,
      "profit_factor": Infinity,
      "initial_capital": 10000,
      "final_capital": 147490.87751736047
    },
    "n_folds": 147,
    "n_trade_log_entries": 2876
  },
  "ETH": {
    "landscape": {
      "total_return": -0.011649350427113458,
      "sharpe_ratio": 0.07858593185771003,
      "max_drawdown": -0.20016630233154678,
      "n_trades": 2999,
      "win_rate": 0.5618539513171057,
      "avg_pnl": 6.476997224926243,
      "avg_win": 28.100575033448983,
      "avg_loss": -21.251867773065253,
      "profit_factor": 1.6955970097929571,
      "initial_capital": 10000,
      "final_capital": 9883.506495728865
    },
    "buy_hold": {
      "total_return": 5.4770933586324615,
      "sharpe_ratio": 0.6848002264587209,
      "max_drawdown": -0.9321717384722403,
      "n_trades": 1,
      "win_rate": 1.0,
      "avg_pnl": 54684.059321411936,
      "avg_win": 54684.059321411936,
      "avg_loss": 0.0,
      "profit_factor": Infinity,
      "initial_capital": 10000,
      "final_capital": 64770.933586324616
    },
    "n_folds": 147,
    "n_trade_log_entries": 3020
  },
  "SOL": {
    "landscape": {
      "total_return": 0.01557257906197873,
      "sharpe_ratio": 0.18743840581703747,
      "max_drawdown": -0.3973909204713836,
      "n_trades": 1903,
      "win_rate": 0.5748817656332107,
      "avg_pnl": 17.577264458453087,
      "avg_win": 52.182419065820696,
      "avg_loss": -29.21882842221462,
      "profit_factor": 2.4150727095435993,
      "initial_capital": 10000,
      "final_capital": 10155.725790619788
    },
    "buy_hold": {
      "total_return": 25.107917523581488,
      "sharpe_ratio": 1.0553343131721482,
      "max_drawdown": -0.9673850123343585,
      "n_trades": 1,
      "win_rate": 1.0,
      "avg_pnl": 250697.9367625488,
      "avg_win": 250697.9367625488,
      "avg_loss": 0.0,
      "profit_factor": Infinity,
      "initial_capital": 10000,
      "final_capital": 261079.17523581488
    },
    "n_folds": 94,
    "n_trade_log_entries": 1926
  },
  "BNB": {
    "landscape": {
      "total_return": -0.0003890214196866637,
      "sharpe_ratio": 0.14419525206702538,
      "max_drawdown": -0.44479272476305953,
      "n_trades": 2677,
      "win_rate": 0.5655584609637654,
      "avg_pnl": 9.82860475794207,
      "avg_win": 32.55255427890794,
      "avg_loss": -19.753561686376347,
      "profit_factor": 2.1452890657462946,
      "initial_capital": 10000,
      "final_capital": 9996.109785803133
    },
    "buy_hold": {
      "total_return": 339.4470188581297,
      "sharpe_ratio": 1.183909941033004,
      "max_drawdown": -0.8310638160785674,
      "n_trades": 1,
      "win_rate": 1.0,
      "avg_pnl": 3389375.435283519,
      "avg_win": 3389375.435283519,
      "avg_loss": 0.0,
      "profit_factor": Infinity,
      "initial_capital": 10000,
      "final_capital": 3404470.1885812967
    },
    "n_folds": 143,
    "n_trade_log_entries": 2691
  },
  "ADA": {
    "landscape": {
      "total_return": -0.001702253458693903,
      "sharpe_ratio": 0.09193846973834584,
      "max_drawdown": -0.19583423538848324,
      "n_trades": 2567,
      "win_rate": 0.5446045968056097,
      "avg_pnl": 6.062118030211459,
      "avg_win": 31.55584177729554,
      "avg_loss": -24.42567136108328,
      "profit_factor": 1.5449908813998756,
      "initial_capital": 10000,
      "final_capital": 9982.977465413062
    },
    "buy_hold": {
      "total_return": -0.062248990008812344,
      "sharpe_ratio": 0.4592247296604697,
      "max_drawdown": -0.9195801080681394,
      "n_trades": 1,
      "win_rate": 0.0,
      "avg_pnl": -626.3017264829409,
      "avg_win": 0.0,
      "avg_loss": -626.3017264829409,
      "profit_factor": 0.0,
      "initial_capital": 10000,
      "final_capital": 9377.510099911877
    },
    "n_folds": 135,
    "n_trade_log_entries": 2597
  },
  "portfolio": {
    "total_return": -0.3587790238348465,
    "sharpe_ratio": -1.6576760846528449,
    "max_drawdown": -0.37737067716660233,
    "initial_capital": 50000,
    "final_capital": 32061.048808257678
  }
}