{
  "168": {
    "BTC": {
      "landscape": {
        "total_return": -0.00990837922716814,
        "sharpe_ratio": 0.0449449994698757,
        "max_drawdown": -0.1472552449527378,
        "n_trades": 1650,
        "win_rate": 0.4896969696969697,
        "avg_pnl": 2.244765964668852,
        "avg_win": 26.024371150913232,
        "avg_loss": -20.574617634482525,
        "profit_factor": 1.2138016973726056,
        "initial_capital": 10000,
        "final_capital": 9900.916207728318
      },
      "buy_hold": {
        "total_return": 13.749087751736047,
        "sharpe_ratio": 0.8059633409832245,
        "max_drawdown": -0.8294869129579501,
        "n_trades": 1,
        "win_rate": 1.0,
        "avg_pnl": 137279.9646965232,
        "avg_win": 137279.9646965232,
        "avg_loss": 0.0,
        "profit_factor": Infinity,
        "initial_capital": 10000,
        "final_capital": 147490.87751736047
      },
      "avg_hold_bars": 21.349090909090908,
      "trade_events": {
        "stop_loss": 576,
        "gate2_target_scaleout": 325,
        "gate1_structural_exit": 491,
        "pre_gate_gradient_trim": 359
      }
    },
    "ETH": {
      "landscape": {
        "total_return": -0.007223761753373914,
        "sharpe_ratio": 0.06815130491964821,
        "max_drawdown": -0.2815569165093277,
        "n_trades": 1679,
        "win_rate": 0.5116140559857058,
        "avg_pnl": 4.627654085484739,
        "avg_win": 33.32660780887985,
        "avg_loss": -25.436249875974283,
        "profit_factor": 1.3725157584259153,
        "initial_capital": 10000,
        "final_capital": 9927.76238246626
      },
      "buy_hold": {
        "total_return": 5.4770933586324615,
        "sharpe_ratio": 0.6848002264587209,
        "max_drawdown": -0.9321717384722403,
        "n_trades": 1,
        "win_rate": 1.0,
        "avg_pnl": 54684.059321411936,
        "avg_win": 54684.059321411936,
        "avg_loss": 0.0,
        "profit_factor": Infinity,
        "initial_capital": 10000,
        "final_capital": 64770.933586324616
      },
      "avg_hold_bars": 21.742703990470517,
      "trade_events": {
        "pre_gate_gradient_trim": 384,
        "gate2_target_scaleout": 315,
        "gate1_structural_exit": 453,
        "stop_loss": 632
      }
    },
    "SOL": {
      "landscape": {
        "total_return": 0.005723051607476659,
        "sharpe_ratio": 0.1432670182640956,
        "max_drawdown": -0.3066436866144042,
        "n_trades": 1165,
        "win_rate": 0.544206008583691,
        "avg_pnl": 13.439730303531434,
        "avg_win": 53.34662872895157,
        "avg_loss": -34.20805425713968,
        "profit_factor": 1.8619728477138364,
        "initial_capital": 10000,
        "final_capital": 10057.230516074767
      },
      "buy_hold": {
        "total_return": 25.107917523581488,
        "sharpe_ratio": 1.0553343131721482,
        "max_drawdown": -0.9673850123343585,
        "n_trades": 1,
        "win_rate": 1.0,
        "avg_pnl": 250697.9367625488,
        "avg_win": 250697.9367625488,
        "avg_loss": 0.0,
        "profit_factor": Infinity,
        "initial_capital": 10000,
        "final_capital": 261079.17523581488
      },
      "avg_hold_bars": 21.489270386266096,
      "trade_events": {
        "pre_gate_gradient_trim": 237,
        "stop_loss": 445,
        "gate2_target_scaleout": 212,
        "gate1_structural_exit": 314
      }
    },
    "BNB": {
      "landscape": {
        "total_return": -0.0022852119755508715,
        "sharpe_ratio": 0.12629526556846393,
        "max_drawdown": -0.4162731248743718,
        "n_trades": 1662,
        "win_rate": 0.5469314079422383,
        "avg_pnl": 11.753191727383946,
        "avg_win": 40.59944633754659,
        "avg_loss": -23.069179375720758,
        "profit_factor": 2.1245006688289676,
        "initial_capital": 10000,
        "final_capital": 9977.14788024449
      },
      "buy_hold": {
        "total_return": 339.4470188581297,
        "sharpe_ratio": 1.183909941033004,
        "max_drawdown": -0.8310638160785674,
        "n_trades": 1,
        "win_rate": 1.0,
        "avg_pnl": 3389375.435283519,
        "avg_win": 3389375.435283519,
        "avg_loss": 0.0,
        "profit_factor": Infinity,
        "initial_capital": 10000,
        "final_capital": 3404470.1885812967
      },
      "avg_hold_bars": 23.951865222623347,
      "trade_events": {
        "stop_loss": 600,
        "pre_gate_gradient_trim": 368,
        "gate2_target_scaleout": 308,
        "gate1_structural_exit": 450
      }
    },
    "ADA": {
      "landscape": {
        "total_return": 0.009685210247990517,
        "sharpe_ratio": 0.09248889656791985,
        "max_drawdown": -0.20841894505109299,
        "n_trades": 1610,
        "win_rate": 0.5403726708074534,
        "avg_pnl": 4.397849045534962,
        "avg_win": 32.6527102336755,
        "avg_loss": -28.820703972954583,
        "profit_factor": 1.3319937362613634,
        "initial_capital": 10000,
        "final_capital": 10096.852102479905
      },
      "buy_hold": {
        "total_return": -0.062248990008812344,
        "sharpe_ratio": 0.4592247296604697,
        "max_drawdown": -0.9195801080681394,
        "n_trades": 1,
        "win_rate": 0.0,
        "avg_pnl": -626.3017264829409,
        "avg_win": 0.0,
        "avg_loss": -626.3017264829409,
        "profit_factor": 0.0,
        "initial_capital": 10000,
        "final_capital": 9377.510099911877
      },
      "avg_hold_bars": 21.482608695652175,
      "trade_events": {
        "gate1_structural_exit": 444,
        "stop_loss": 592,
        "pre_gate_gradient_trim": 360,
        "gate2_target_scaleout": 295
      }
    }
  },
  "336": {
    "BTC": {
      "landscape": {
        "total_return": -0.022998166421634214,
        "sharpe_ratio": 0.02015389626609963,
        "max_drawdown": -0.1343548080333587,
        "n_trades": 1027,
        "win_rate": 0.45861733203505356,
        "avg_pnl": 1.4063214753434887,
        "avg_win": 31.517492274622363,
        "avg_loss": -24.1015228528226,
        "profit_factor": 1.107779403690538,
        "initial_capital": 10000,
        "final_capital": 9770.018335783658
      },
      "buy_hold": {
        "total_return": 13.749087751736047,
        "sharpe_ratio": 0.8059633409832245,
        "max_drawdown": -0.8294869129579501,
        "n_trades": 1,
        "win_rate": 1.0,
        "avg_pnl": 137279.9646965232,
        "avg_win": 137279.9646965232,
        "avg_loss": 0.0,
        "profit_factor": Infinity,
        "initial_capital": 10000,
        "final_capital": 147490.87751736047
      },
      "avg_hold_bars": 28.14021421616358,
      "trade_events": {
        "stop_loss": 495,
        "pre_gate_gradient_trim": 158,
        "gate2_target_scaleout": 200,
        "gate1_structural_exit": 221
      }
    },
    "ETH": {
      "landscape": {
        "total_return": -0.01557749453301116,
        "sharpe_ratio": 0.05124219146278795,
        "max_drawdown": -0.17921274263781858,
        "n_trades": 977,
        "win_rate": 0.4728761514841351,
        "avg_pnl": 6.419439879941904,
        "avg_win": 44.22936235432448,
        "avg_loss": -27.499364359212947,
        "profit_factor": 1.4428552680382611,
        "initial_capital": 10000,
        "final_capital": 9844.225054669889
      },
      "buy_hold": {
        "total_return": 5.4770933586324615,
        "sharpe_ratio": 0.6848002264587209,
        "max_drawdown": -0.9321717384722403,
        "n_trades": 1,
        "win_rate": 1.0,
        "avg_pnl": 54684.059321411936,
        "avg_win": 54684.059321411936,
        "avg_loss": 0.0,
        "profit_factor": Infinity,
        "initial_capital": 10000,
        "final_capital": 64770.933586324616
      },
      "avg_hold_bars": 29.879222108495394,
      "trade_events": {
        "pre_gate_gradient_trim": 140,
        "gate2_target_scaleout": 180,
        "gate1_structural_exit": 199,
        "stop_loss": 482
      }
    },