{
  "BTC": {
    "landscape": {
      "total_return": -0.012948226645193461,
      "sharpe_ratio": 0.058792093090321094,
      "max_drawdown": -0.1800647674366135,
      "n_trades": 2879,
      "win_rate": 0.5244876693296283,
      "avg_pnl": 3.683659695683485,
      "avg_win": 22.179346367427335,
      "avg_loss": -16.716988130710394,
      "profit_factor": 1.4634039005162525,
      "initial_capital": 10000,
      "final_capital": 9870.517733548066
    },
    "buy_hold": {
      "total_return": 13.749087751736047,
      "sharpe_ratio": 0.8059633409832245,
      "max_drawdown": -0.8294869129579501,
      "n_trades": 1,
      "win_rate": 1.0,
      "avg_pnl": 137279.9646965232,
      "avg_win": 137279.9646965232,
      "avg_loss": 0.0,
      "profit_factor": Infinity,
      "initial_capital": 10000,
      "final_capital": 147490.87751736047
    },
    "n_folds": 147,
    "n_trade_log_entries": 2876
  },
  "ETH": {
    "landscape": {
      "total_return": -0.011649350427113458,
      "sharpe_ratio": 0.08101257708458973,
      "max_drawdown": -0.231859314838999,
      "n_trades": 2999,
      "win_rate": 0.5618539513171057,
      "avg_pnl": 6.610218016829465,
      "avg_win": 28.51689320457825,
      "avg_loss": -21.48167520338112,
      "profit_factor": 1.7023098155090997,
      "initial_capital": 10000,
      "final_capital": 9883.506495728865
    },
    "buy_hold": {
      "total_return": 5.4770933586324615,
      "sharpe_ratio": 0.6848002264587209,
      "max_drawdown": -0.9321717384722403,
      "n_trades": 1,
      "win_rate": 1.0,
      "avg_pnl": 54684.059321411936,
      "avg_win": 54684.059321411936,
      "avg_loss": 0.0,
      "profit_factor": Infinity,
      "initial_capital": 10000,
      "final_capital": 64770.933586324616
    },
    "n_folds": 147,
    "n_trade_log_entries": 3020
  },
  "SOL": {
    "landscape": {
      "total_return": 0.016067643650488517,
      "sharpe_ratio": 0.1879859477270929,
      "max_drawdown": -0.39752246747745884,
      "n_trades": 1903,
      "win_rate": 0.5748817656332107,
      "avg_pnl": 17.846750039414044,
      "avg_win": 52.90643179624495,
      "avg_loss": -29.563993893803527,
      "profit_factor": 2.4199933278207904,
      "initial_capital": 10000,
      "final_capital": 10160.676436504886
    },
    "buy_hold": {
      "total_return": 25.107917523581488,
      "sharpe_ratio": 1.0553343131721482,
      "max_drawdown": -0.9673850123343585,
      "n_trades": 1,
      "win_rate": 1.0,
      "avg_pnl": 250697.9367625488,
      "avg_win": 250697.9367625488,
      "avg_loss": 0.0,
      "profit_factor": Infinity,
      "initial_capital": 10000,
      "final_capital": 261079.17523581488
    },
    "n_folds": 94,
    "n_trade_log_entries": 1926
  },
  "BNB": {
    "landscape": {
      "total_return": -0.0003389436084227926,
      "sharpe_ratio": 0.14574381346682497,
      "max_drawdown": -0.4478871462085883,
      "n_trades": 2677,
      "win_rate": 0.5655584609637654,
      "avg_pnl": 9.978530721036206,
      "avg_win": 33.18466982116014,
      "avg_loss": -20.23135285384569,
      "profit_factor": 2.1352991966260126,
      "initial_capital": 10000,
      "final_capital": 9996.610563915772
    },
    "buy_hold": {
      "total_return": 339.4470188581297,
      "sharpe_ratio": 1.183909941033004,
      "max_drawdown": -0.8310638160785674,
      "n_trades": 1,
      "win_rate": 1.0,
      "avg_pnl": 3389375.435283519,
      "avg_win": 3389375.435283519,
      "avg_loss": 0.0,
      "profit_factor": Infinity,
      "initial_capital": 10000,
      "final_capital": 3404470.1885812967
    },
    "n_folds": 143,
    "n_trade_log_entries": 2691
  },
  "ADA": {
    "landscape": {
      "total_return": -0.0017312697494872298,
      "sharpe_ratio": 0.09233991162550685,
      "max_drawdown": -0.19570960042893126,
      "n_trades": 2567,
      "win_rate": 0.5453837164004675,
      "avg_pnl": 6.110635611823747,
      "avg_win": 31.823178808193145,
      "avg_loss": -24.735603012783926,
      "profit_factor": 1.543399077937188,
      "initial_capital": 10000,
      "final_capital": 9982.687302505128
    },
    "buy_hold": {
      "total_return": -0.062248990008812344,
      "sharpe_ratio": 0.4592247296604697,
      "max_drawdown": -0.9195801080681394,
      "n_trades": 1,
      "win_rate": 0.0,
      "avg_pnl": -626.3017264829409,
      "avg_win": 0.0,
      "avg_loss": -626.3017264829409,
      "profit_factor": 0.0,
      "initial_capital": 10000,
      "final_capital": 9377.510099911877
    },
    "n_folds": 135,
    "n_trade_log_entries": 2597
  },
  "portfolio": {
    "total_return": -0.5974965101029324,
    "sharpe_ratio": -1.6962733847674483,
    "max_drawdown": -0.6195213440526401,
    "initial_capital": 50000,
    "final_capital": 20125.17449485338
  }
}