{
  "BTC": {
    "landscape": {
      "total_return": -0.016622255738124703,
      "sharpe_ratio": 0.06990848277985866,
      "max_drawdown": -0.18949597645166438,
      "n_trades": 4201,
      "win_rate": 0.3515829564389431,
      "avg_pnl": 2.4335510901381534,
      "avg_win": 28.049260725570022,
      "avg_loss": -11.455730529367306,
      "profit_factor": 1.327614607278703,
      "initial_capital": 10000,
      "final_capital": 9833.777442618753
    },
    "buy_hold": {
      "total_return": 13.749087751736047,
      "sharpe_ratio": 0.8059633409832245,
      "max_drawdown": -0.8294869129579501,
      "n_trades": 1,
      "win_rate": 1.0,
      "avg_pnl": 137279.9646965232,
      "avg_win": 137279.9646965232,
      "avg_loss": 0.0,
      "profit_factor": Infinity,
      "initial_capital": 10000,
      "final_capital": 147490.87751736047
    },
    "n_folds": 147,
    "n_trade_log_entries": 3378
  },
  "ETH": {
    "landscape": {
      "total_return": -0.016629425038442114,
      "sharpe_ratio": 0.0909701103731536,
      "max_drawdown": -0.2547964582339516,
      "n_trades": 4218,
      "win_rate": 0.39426268373636797,
      "avg_pnl": 4.403499977176866,
      "avg_win": 34.18744843162294,
      "avg_loss": -14.982295044249284,
      "profit_factor": 1.485216235458228,
      "initial_capital": 10000,
      "final_capital": 9833.70574961558
    },
    "buy_hold": {
      "total_return": 5.4770933586324615,
      "sharpe_ratio": 0.6848002264587209,
      "max_drawdown": -0.9321717384722403,
      "n_trades": 1,
      "win_rate": 1.0,
      "avg_pnl": 54684.059321411936,
      "avg_win": 54684.059321411936,
      "avg_loss": 0.0,
      "profit_factor": Infinity,
      "initial_capital": 10000,
      "final_capital": 64770.933586324616
    },
    "n_folds": 147,
    "n_trade_log_entries": 3398
  },
  "SOL": {
    "landscape": {
      "total_return": 0.004444423250156149,
      "sharpe_ratio": 0.18168672502741207,
      "max_drawdown": -0.4190836670697727,
      "n_trades": 2673,
      "win_rate": 0.444818555929667,
      "avg_pnl": 11.35421888360764,
      "avg_win": 52.03314443908618,
      "avg_loss": -21.238262575599894,
      "profit_factor": 1.962949105714292,
      "initial_capital": 10000,
      "final_capital": 10044.444232501563
    },
    "buy_hold": {
      "total_return": 25.107917523581488,
      "sharpe_ratio": 1.0553343131721482,
      "max_drawdown": -0.9673850123343585,
      "n_trades": 1,
      "win_rate": 1.0,
      "avg_pnl": 250697.9367625488,
      "avg_win": 250697.9367625488,
      "avg_loss": 0.0,
      "profit_factor": Infinity,
      "initial_capital": 10000,
      "final_capital": 261079.17523581488
    },
    "n_folds": 94,
    "n_trade_log_entries": 2200
  },
  "BNB": {
    "landscape": {
      "total_return": -0.004712201800772475,
      "sharpe_ratio": 0.1417415885405079,
      "max_drawdown": -0.4529754329870771,
      "n_trades": 3840,
      "win_rate": 0.4005208333333333,
      "avg_pnl": 6.677498593781976,
      "avg_win": 36.51310171481209,
      "avg_loss": -13.256105924091313,
      "profit_factor": 1.8402794540879812,
      "initial_capital": 10000,
      "final_capital": 9952.877981992275
    },
    "buy_hold": {
      "total_return": 339.4470188581297,
      "sharpe_ratio": 1.183909941033004,
      "max_drawdown": -0.8310638160785674,
      "n_trades": 1,
      "win_rate": 1.0,
      "avg_pnl": 3389375.435283519,
      "avg_win": 3389375.435283519,
      "avg_loss": 0.0,
      "profit_factor": Infinity,
      "initial_capital": 10000,
      "final_capital": 3404470.1885812967
    },
    "n_folds": 143,
    "n_trade_log_entries": 3117
  },
  "ADA": {
    "landscape": {
      "total_return": -0.013064890500718462,
      "sharpe_ratio": 0.10790575152756267,
      "max_drawdown": -0.21564803839672902,
      "n_trades": 3819,
      "win_rate": 0.4294317884262896,
      "avg_pnl": 6.020302202289293,
      "avg_win": 36.18715631650869,
      "avg_loss": -16.684443436682624,
      "profit_factor": 1.6324103898883855,
      "initial_capital": 10000,
      "final_capital": 9869.351094992815
    },
    "buy_hold": {
      "total_return": -0.062248990008812344,
      "sharpe_ratio": 0.4592247296604697,
      "max_drawdown": -0.9195801080681394,
      "n_trades": 1,
      "win_rate": 0.0,
      "avg_pnl": -626.3017264829409,
      "avg_win": 0.0,
      "avg_loss": -626.3017264829409,
      "profit_factor": 0.0,
      "initial_capital": 10000,
      "final_capital": 9377.510099911877
    },
    "n_folds": 135,
    "n_trade_log_entries": 3073
  },
  "portfolio": {
    "total_return": -0.3587790238348465,
    "sharpe_ratio": -1.6576760846528449,
    "max_drawdown": -0.37737067716660233,
    "initial_capital": 50000,
    "final_capital": 32061.048808257678
  }
}