{
  "BTC": {
    "langevin_native": {
      "metrics": {
        "total_return": 0.0015692334947565723,
        "sharpe_ratio": 0.02059709128210108,
        "max_drawdown": -0.03293874971241081,
        "n_trades": 363,
        "win_rate": 0.5785123966942148,
        "avg_pnl": 1.521235540816747,
        "avg_win": 14.218962801668654,
        "avg_loss": -15.907017562313317,
        "profit_factor": 1.2268939401631307,
        "initial_capital": 10000,
        "final_capital": 10015.692334947566
      },
      "avg_hold_hours": 31.236914600550964,
      "avg_win": 14.218962801668654,
      "avg_loss": -15.907017562313317
    },
    "landscape_vpvr": {
      "metrics": {
        "total_return": -0.00990837922716814,
        "sharpe_ratio": 0.0449449994698757,
        "max_drawdown": -0.1472552449527378,
        "n_trades": 1650,
        "win_rate": 0.4896969696969697,
        "avg_pnl": 2.244765964668852,
        "avg_win": 26.024371150913232,
        "avg_loss": -20.574617634482525,
        "profit_factor": 1.2138016973726056,
        "initial_capital": 10000,
        "final_capital": 9900.916207728318
      },
      "avg_hold_hours": 21.349090909090908,
      "avg_win": 26.024371150913232,
      "avg_loss": -20.574617634482525
    },
    "buy_hold": {
      "metrics": {
        "total_return": 13.749087751736047,
        "sharpe_ratio": 0.8059633409832245,
        "max_drawdown": -0.8294869129579501,
        "n_trades": 1,
        "win_rate": 1.0,
        "avg_pnl": 137279.9646965232,
        "avg_win": 137279.9646965232,
        "avg_loss": 0.0,
        "profit_factor": Infinity,
        "initial_capital": 10000,
        "final_capital": 147490.87751736047
      },
      "avg_hold_hours": 0,
      "avg_win": 0,
      "avg_loss": 0
    },
    "ma_crossover": {
      "metrics": {
        "total_return": 0.15316511321411896,
        "sharpe_ratio": 0.18517577581494246,
        "max_drawdown": -0.4699260570896521,
        "n_trades": 250,
        "win_rate": 0.336,
        "avg_pnl": 15.607343876053088,
        "avg_win": 499.73472842271906,
        "avg_loss": -229.37277842466943,
        "profit_factor": 1.1024752637141322,
        "initial_capital": 10000,
        "final_capital": 11531.651132141189
      },
      "avg_hold_hours": 79.7,
      "avg_win": 499.73472842271906,
      "avg_loss": -229.37277842466943
    },
    "transition_matrix": {
      "D": {
        "D": 0.9697736605863815,
        "I": 0.006780632222328335,
        "R": 0.02344570719129023
      },
      "I": {
        "D": 0.005559189012426423,
        "I": 0.9462475474166122,
        "R": 0.04819326357096141
      },
      "R": {
        "D": 0.01769123981062898,
        "I": 0.041789769693517956,
        "R": 0.9405189904958531
      }
    },
    "d_i_d_safe": false
  },
  "ETH": {
    "langevin_native": {
      "metrics": {
        "total_return": -0.006943154921784878,
        "sharpe_ratio": -0.0038413990381937473,
        "max_drawdown": -0.07021548496048369,
        "n_trades": 303,
        "win_rate": 0.5346534653465347,
        "avg_pnl": -0.8993837044257168,
        "avg_win": 20.035069942958188,
        "avg_loss": -24.951734703547654,
        "profit_factor": 0.9225417312141599,
        "initial_capital": 10000,
        "final_capital": 9930.568450782152
      },
      "avg_hold_hours": 22.54785478547855,
      "avg_win": 20.035069942958188,
      "avg_loss": -24.951734703547654
    },
    "landscape_vpvr": {
      "metrics": {
        "total_return": -0.007223761753373914,
        "sharpe_ratio": 0.06815130491964821,
        "max_drawdown": -0.2815569165093277,
        "n_trades": 1679,
        "win_rate": 0.5116140559857058,
        "avg_pnl": 4.627654085484739,
        "avg_win": 33.32660780887985,
        "avg_loss": -25.436249875974283,
        "profit_factor": 1.3725157584259153,
        "initial_capital": 10000,
        "final_capital": 9927.76238246626
      },
      "avg_hold_hours": 21.742703990470517,
      "avg_win": 33.32660780887985,
      "avg_loss": -25.436249875974283
    },
    "buy_hold": {
      "metrics": {
        "total_return": 5.4770933586324615,
        "sharpe_ratio": 0.6848002264587209,
        "max_drawdown": -0.9321717384722403,
        "n_trades": 1,
        "win_rate": 1.0,
        "avg_pnl": 54684.059321411936,
        "avg_win": 54684.059321411936,
        "avg_loss": 0.0,
        "profit_factor": Infinity,
        "initial_capital": 10000,
        "final_capital": 64770.933586324616
      },
      "avg_hold_hours": 0,
      "avg_win": 0,
      "avg_loss": 0
    },
    "ma_crossover": {
      "metrics": {
        "total_return": -0.4359793948092664,
        "sharpe_ratio": -0.17445483029975492,
        "max_drawdown": -0.5438815648628296,
        "n_trades": 236,
        "win_rate": 0.3601694915254237,
        "avg_pnl": -12.230579753485712,
        "avg_win": 290.7407805565628,
        "avg_loss": -182.77737198099646,
        "profit_factor": 0.8954173430567453,
        "initial_capital": 10000,
        "final_capital": 5640.206051907336
      },
      "avg_hold_hours": 52.228813559322035,
      "avg_win": 290.7407805565628,
      "avg_loss": -182.77737198099646
    },
    "transition_matrix": {
      "D": {
        "D": 0.9648539539301828,
        "I": 0.0089289954880076,
        "R": 0.026217050581809547
      },
      "I": {
        "D": 0.007352653603973562,
        "I": 0.9495091712620751,
        "R": 0.04313817513395127
      },
      "R": {
        "D": 0.02050232558139535,
        "I": 0.04104186046511628,
        "R": 0.9384558139534884
      }
    },
    "d_i_d_safe": false
  },
  "SOL": {
    "langevin_native": {
      "metrics": {
        "total_return": -0.01495227356465434,
        "sharpe_ratio": -0.08998745218595575,
        "max_drawdown": -0.03847886611869008,
        "n_trades": 181,
        "win_rate": 0.585635359116022,
        "avg_pnl": 0.5271338148075327,
        "avg_win": 17.926478686825885,
        "avg_loss": -24.063940270978403,
        "profit_factor": 1.0528653907912338,
        "initial_capital": 10000,
        "final_capital": 9850.477264353456
      },
      "avg_hold_hours": 18.674033149171272,
      "avg_win": 17.926478686825885,
      "avg_loss": -24.063940270978403
    },
    "landscape_vpvr": {
      "metrics": {
        "total_return": 0.005723051607476659,
        "sharpe_ratio": 0.1432670182640956,
        "max_drawdown": -0.3066436866144042,
        "n_trades": 1165,
        "win_rate": 0.544206008583691,
        "avg_pnl": 13.439730303531434,
        "avg_win": 53.34662872895157,
        "avg_loss": -34.20805425713968,
        "profit_factor": 1.8619728477138364,
        "initial_capital": 10000,
        "final_capital": 10057.230516074767
      },
      "avg_hold_hours": 21.489270386266096,
      "avg_win": 53.34662872895157,
      "avg_loss": -34.20805425713968
    },
    "buy_hold": {
      "metrics": {
        "total_return": 25.107917523581488,
        "sharpe_ratio": 1.0553343131721482,
        "max_drawdown": -0.9673850123343585,
        "n_trades": 1,
        "win_rate": 1.0,
        "avg_pnl": 250697.9367625488,
        "avg_win": 250697.9367625488,
        "avg_loss": 0.0,
        "profit_factor": Infinity,
        "initial_capital": 10000,
        "final_capital": 261079.17523581488
      },
      "avg_hold_hours": 0,
      "avg_win": 0,
      "avg_loss": 0
    },
    "ma_crossover": {
      "metrics": {
        "total_return": -0.5513172543005713,
        "sharpe_ratio": -0.5828653323273916,
        "max_drawdown": -0.6269148789176359,
        "n_trades": 142,
        "win_rate": 0.352112676056338,
        "avg_pnl": -33.89626823966828,
        "avg_win": 196.5567954167799,
        "avg_loss": -159.14249848773795,
        "profit_factor": 0.6712496432462212,
        "initial_capital": 10000,
        "final_capital": 4486.827456994286
      },
      "avg_hold_hours": 31.760563380281692,
      "avg_win": 196.5567954167799,
      "avg_loss": -159.14249848773795
    },