{
  "BTC": {
    "v5.1b": {
      "metrics": {
        "total_return": -0.0024668974906087993,
        "sharpe_ratio": -0.018245722959245075,
        "max_drawdown": -0.02376068253311051,
        "n_trades": 283,
        "win_rate": 0.3957597173144876,
        "avg_pnl": 2.168877158365024,
        "avg_win": 15.704361571308072,
        "avg_loss": -6.696469357714635,
        "profit_factor": 1.5360180250056943,
        "initial_capital": 10000,
        "final_capital": 9975.331025093912
      },
      "avg_hold": 8.66077738515901,
      "avg_win": 15.704361571308072,
      "avg_loss": -6.696469357714635,
      "wl_ratio": 2.3451703774640493,
      "ev_per_trade": 2.168877158365024,
      "barbell": {
        "phase1_fills": 267,
        "phase2_fills": 87,
        "probe_aborts": 119,
        "phase1_abort_rate": 0.44569288389513106,
        "phase2_fill_rate": 0.3258426966292135,
        "avg_hold_probe_only": 4.533707865168539,
        "avg_hold_full_position": 22.813953488372093
      },
      "exit_dist": {
        "spatial_stop": 62,
        "profit_ratchet": 30,
        "R_regime_exit": 15,
        "probe_abort": 119,
        "time_decay": 30,
        "destab_exit": 8
      }
    },
    "v5.3": {
      "metrics": {
        "total_return": -0.0012456075267786026,
        "sharpe_ratio": -0.011847052058204272,
        "max_drawdown": -0.02376068253311051,
        "n_trades": 181,
        "win_rate": 0.4696132596685083,
        "avg_pnl": 3.522304782692484,
        "avg_win": 12.344798559316517,
        "avg_loss": -4.289278248693379,
        "profit_factor": 2.5482819619806967,
        "initial_capital": 10000,
        "final_capital": 9987.543924732214
      },
      "avg_hold": 9.248618784530386,
      "avg_win": 12.344798559316517,
      "avg_loss": -4.289278248693379,
      "wl_ratio": 2.8780596276487893,
      "ev_per_trade": 3.522304782692484,
      "barbell": {
        "phase1_fills": 172,
        "phase2_fills": 60,
        "probe_aborts": 74,
        "phase1_abort_rate": 0.43023255813953487,
        "phase2_fill_rate": 0.3488372093023256,
        "avg_hold_probe_only": 4.714285714285714,
        "avg_hold_full_position": 22.694915254237287
      },
      "exit_dist": {
        "spatial_stop": 38,
        "profit_ratchet": 21,
        "R_regime_exit": 12,
        "probe_abort": 74,
        "destab_exit": 7,
        "time_decay": 19
      }
    },
    "buy_hold": {
      "metrics": {
        "total_return": 13.749087751736047,
        "sharpe_ratio": 0.8059633409832245,
        "max_drawdown": -0.8294869129579501,
        "n_trades": 1,
        "win_rate": 1.0,
        "avg_pnl": 137279.9646965232,
        "avg_win": 137279.9646965232,
        "avg_loss": 0.0,
        "profit_factor": Infinity,
        "initial_capital": 10000,
        "final_capital": 147490.87751736047
      }
    }
  },
  "ETH": {
    "v5.1b": {
      "metrics": {
        "total_return": -0.005471876031359346,
        "sharpe_ratio": -0.04356221334182539,
        "max_drawdown": -0.023908952238728003,
        "n_trades": 369,
        "win_rate": 0.36314363143631434,
        "avg_pnl": -1.1473403779952331,
        "avg_win": 10.271681864054727,
        "avg_loss": -7.658612635164146,
        "profit_factor": 0.7647656835188733,
        "initial_capital": 10000,
        "final_capital": 9945.281239686406
      },
      "avg_hold": 5.766937669376694,
      "avg_win": 10.271681864054727,
      "avg_loss": -7.658612635164146,
      "wl_ratio": 1.341193549454741,
      "ev_per_trade": -1.1473403779952331,
      "barbell": {
        "phase1_fills": 349,
        "phase2_fills": 88,
        "probe_aborts": 182,
        "phase1_abort_rate": 0.5214899713467048,
        "phase2_fill_rate": 0.2521489971346705,
        "avg_hold_probe_only": 3.853846153846154,
        "avg_hold_full_position": 16.34090909090909
      },
      "exit_dist": {
        "spatial_stop": 85,
        "probe_abort": 182,
        "profit_ratchet": 47,
        "time_decay": 19,
        "R_regime_exit": 9,
        "destab_exit": 6
      }
    },
    "v5.3": {
      "metrics": {
        "total_return": -0.0027637265248493526,
        "sharpe_ratio": -0.03058328039829196,
        "max_drawdown": -0.01997516343475533,
        "n_trades": 281,
        "win_rate": 0.3736654804270463,
        "avg_pnl": -1.0843606858006827,
        "avg_win": 7.059259620992105,
        "avg_loss": -5.94277052792138,
        "profit_factor": 0.7086745306771068,
        "initial_capital": 10000,
        "final_capital": 9972.362734751507
      },
      "avg_hold": 5.893238434163701,
      "avg_win": 7.059259620992105,
      "avg_loss": -5.94277052792138,
      "wl_ratio": 1.187873499039722,
      "ev_per_trade": -1.0843606858006827,
      "barbell": {
        "phase1_fills": 271,
        "phase2_fills": 63,
        "probe_aborts": 150,
        "phase1_abort_rate": 0.5535055350553506,
        "phase2_fill_rate": 0.23247232472324722,
        "avg_hold_probe_only": 4.0,
        "avg_hold_full_position": 16.41269841269841
      },
      "exit_dist": {
        "spatial_stop": 59,
        "probe_abort": 150,
        "profit_ratchet": 33,
        "time_decay": 14,
        "R_regime_exit": 8,
        "destab_exit": 6
      }
    },
    "buy_hold": {
      "metrics": {
        "total_return": 5.4770933586324615,
        "sharpe_ratio": 0.6848002264587209,
        "max_drawdown": -0.9321717384722403,
        "n_trades": 1,
        "win_rate": 1.0,
        "avg_pnl": 54684.059321411936,
        "avg_win": 54684.059321411936,
        "avg_loss": 0.0,
        "profit_factor": Infinity,
        "initial_capital": 10000,
        "final_capital": 64770.933586324616
      }
    }
  },
  "SOL": {
    "v5.1b": {
      "metrics": {
        "total_return": -0.008196255541066733,
        "sharpe_ratio": -0.0899780551878596,
        "max_drawdown": -0.026549562300410615,
        "n_trades": 251,
        "win_rate": 0.3784860557768924,
        "avg_pnl": 0.5735537223151289,
        "avg_win": 13.731825565739594,
        "avg_loss": -7.439496438744641,
        "profit_factor": 1.1240451205666637,
        "initial_capital": 10000,
        "final_capital": 9918.037444589332
      },
      "avg_hold": 5.446215139442231,
      "avg_win": 13.731825565739594,
      "avg_loss": -7.439496438744641,
      "wl_ratio": 1.8458004085094686,
      "ev_per_trade": 0.5735537223151289,
      "barbell": {
        "phase1_fills": 239,
        "phase2_fills": 56,
        "probe_aborts": 117,
        "phase1_abort_rate": 0.4895397489539749,
        "phase2_fill_rate": 0.23430962343096234,
        "avg_hold_probe_only": 3.466666666666667,
        "avg_hold_full_position": 16.296296296296298
      },
      "exit_dist": {
        "profit_ratchet": 37,
        "probe_abort": 117,
        "R_regime_exit": 9,
        "spatial_stop": 54,
        "time_decay": 14,
        "destab_exit": 3
      }
    },
    "v5.3": {
      "metrics": {
        "total_return": -0.006758421689751382,
        "sharpe_ratio": -0.088136626783962,
        "max_drawdown": -0.026511250336874622,
        "n_trades": 197,
        "win_rate": 0.36548223350253806,
        "avg_pnl": -0.23478875401823868,
        "avg_win": 10.721536479715025,
        "avg_loss": -6.5456320886486,
        "profit_factor": 0.9434696189273389,
        "initial_capital": 10000,
        "final_capital": 9932.415783102486
      },
      "avg_hold": 5.654822335025381,
      "avg_win": 10.721536479715025,
      "avg_loss": -6.5456320886486,
      "wl_ratio": 1.6379680884155186,
      "ev_per_trade": -0.23478875401823868,
      "barbell": {
        "phase1_fills": 189,
        "phase2_fills": 48,
        "probe_aborts": 92,
        "phase1_abort_rate": 0.48677248677248675,
        "phase2_fill_rate": 0.25396825396825395,
        "avg_hold_probe_only": 3.179856115107914,
        "avg_hold_full_position": 15.869565217391305
      },
      "exit_dist": {
        "profit_ratchet": 31,
        "probe_abort": 92,
        "R_regime_exit": 8,