{
  "BTC": {
    "v3.1": {
      "metrics": {
        "total_return": -0.0026694529357399466,
        "sharpe_ratio": 0.00020657231847167565,
        "max_drawdown": -0.03255861442238448,
        "n_trades": 270,
        "win_rate": 0.362962962962963,
        "avg_pnl": -1.2956037103945597,
        "avg_win": 23.191603291542727,
        "avg_loss": -15.24761700219604,
        "profit_factor": 0.8666154506741565,
        "initial_capital": 10000,
        "final_capital": 9973.305470642601
      },
      "avg_hold": 10.077777777777778,
      "avg_win": 23.191603291542727,
      "avg_loss": -15.24761700219604,
      "wl_ratio": 1.5209985460811715,
      "ev_per_trade": -1.2956037103945597,
      "exit_dist": {
        "spatial_stop": 62,
        "probe_abort": 150,
        "time_decay": 43,
        "destab_exit": 11
      }
    },
    "v5": {
      "metrics": {
        "total_return": -0.002059134989074285,
        "sharpe_ratio": -0.0019085150958370308,
        "max_drawdown": -0.028126493771827,
        "n_trades": 294,
        "win_rate": 0.37755102040816324,
        "avg_pnl": 2.9001403656826072,
        "avg_win": 22.081325764386726,
        "avg_loss": -8.7343491384494,
        "profit_factor": 1.533438934614498,
        "initial_capital": 10000,
        "final_capital": 9979.408650109257
      },
      "avg_hold": 9.918367346938776,
      "avg_win": 22.081325764386726,
      "avg_loss": -8.7343491384494,
      "wl_ratio": 2.5281020273374146,
      "ev_per_trade": 2.9001403656826072,
      "barbell": {
        "phase1_fills": 261,
        "phase2_fills": 145,
        "probe_aborts": 94,
        "phase1_abort_rate": 0.36015325670498083,
        "phase2_fill_rate": 0.5555555555555556,
        "avg_hold_probe_only": 2.4827586206896552,
        "avg_hold_full_position": 20.52482269503546
      },
      "exit_dist": {
        "spatial_stop": 70,
        "R_regime_exit": 35,
        "probe_abort": 94,
        "time_decay": 48,
        "destab_exit": 10
      }
    },
    "buy_hold": {
      "metrics": {
        "total_return": 13.749087751736047,
        "sharpe_ratio": 0.8059633409832245,
        "max_drawdown": -0.8294869129579501,
        "n_trades": 1,
        "win_rate": 1.0,
        "avg_pnl": 137279.9646965232,
        "avg_win": 137279.9646965232,
        "avg_loss": 0.0,
        "profit_factor": Infinity,
        "initial_capital": 10000,
        "final_capital": 147490.87751736047
      }
    }
  },
  "ETH": {
    "v3.1": {
      "metrics": {
        "total_return": -0.006514847707524529,
        "sharpe_ratio": -0.008392010965182495,
        "max_drawdown": -0.05085070387376577,
        "n_trades": 355,
        "win_rate": 0.3492957746478873,
        "avg_pnl": -3.3617467710016173,
        "avg_win": 24.78661694995393,
        "avg_loss": -18.471690932899836,
        "profit_factor": 0.7203114314748239,
        "initial_capital": 10000,
        "final_capital": 9934.851522924755
      },
      "avg_hold": 7.090140845070422,
      "avg_win": 24.78661694995393,
      "avg_loss": -18.471690932899836,
      "wl_ratio": 1.3418704892797124,
      "ev_per_trade": -3.3617467710016173,
      "exit_dist": {
        "spatial_stop": 91,
        "probe_abort": 215,
        "time_decay": 42,
        "destab_exit": 6
      }
    },
    "v5": {
      "metrics": {
        "total_return": -0.006121558873689592,
        "sharpe_ratio": -0.027700664652709404,
        "max_drawdown": -0.0381124725072988,
        "n_trades": 372,
        "win_rate": 0.3521505376344086,
        "avg_pnl": -0.6310203784390704,
        "avg_win": 18.39892117374744,
        "avg_loss": -10.975096491868253,
        "profit_factor": 0.9112515176989647,
        "initial_capital": 10000,
        "final_capital": 9938.784411263105
      },
      "avg_hold": 7.155913978494624,
      "avg_win": 18.39892117374744,
      "avg_loss": -10.975096491868253,
      "wl_ratio": 1.6764245478278663,
      "ev_per_trade": -0.6310203784390704,
      "barbell": {
        "phase1_fills": 342,
        "phase2_fills": 154,
        "probe_aborts": 149,
        "phase1_abort_rate": 0.43567251461988304,
        "phase2_fill_rate": 0.4502923976608187,
        "avg_hold_probe_only": 2.3138297872340425,
        "avg_hold_full_position": 17.333333333333332
      },
      "exit_dist": {
        "spatial_stop": 96,
        "probe_abort": 149,
        "R_regime_exit": 39,
        "time_decay": 47,
        "destab_exit": 10
      }
    },
    "buy_hold": {
      "metrics": {
        "total_return": 5.4770933586324615,
        "sharpe_ratio": 0.6848002264587209,
        "max_drawdown": -0.9321717384722403,
        "n_trades": 1,
        "win_rate": 1.0,
        "avg_pnl": 54684.059321411936,
        "avg_win": 54684.059321411936,
        "avg_loss": 0.0,
        "profit_factor": Infinity,
        "initial_capital": 10000,
        "final_capital": 64770.933586324616
      }
    }
  },
  "SOL": {
    "v3.1": {
      "metrics": {
        "total_return": -0.005218729717948345,
        "sharpe_ratio": -0.018023780069617905,
        "max_drawdown": -0.03982361501955579,
        "n_trades": 242,
        "win_rate": 0.3512396694214876,
        "avg_pnl": -2.1292690009797486,
        "avg_win": 29.444190856398645,
        "avg_loss": -19.223180388732377,
        "profit_factor": 0.829265611403276,
        "initial_capital": 10000,
        "final_capital": 9947.812702820516
      },
      "avg_hold": 5.896694214876033,
      "avg_win": 29.444190856398645,
      "avg_loss": -19.223180388732377,
      "wl_ratio": 1.5317023645919325,
      "ev_per_trade": -2.1292690009797486,
      "exit_dist": {
        "time_decay": 26,
        "probe_abort": 149,
        "spatial_stop": 58,
        "destab_exit": 4
      }
    },
    "v5": {
      "metrics": {
        "total_return": -0.006728549721412902,
        "sharpe_ratio": -0.04350711587553839,
        "max_drawdown": -0.03213067054101681,
        "n_trades": 261,
        "win_rate": 0.3486590038314176,
        "avg_pnl": -0.32525167353345996,
        "avg_win": 18.696983546756908,
        "avg_loss": -10.507742291453596,
        "profit_factor": 0.9524772337120478,
        "initial_capital": 10000,
        "final_capital": 9932.714502785871
      },
      "avg_hold": 6.007662835249042,
      "avg_win": 18.696983546756908,
      "avg_loss": -10.507742291453596,
      "wl_ratio": 1.7793530739675618,
      "ev_per_trade": -0.32525167353345996,
      "barbell": {
        "phase1_fills": 233,
        "phase2_fills": 94,
        "probe_aborts": 103,
        "phase1_abort_rate": 0.44206008583690987,
        "phase2_fill_rate": 0.4034334763948498,
        "avg_hold_probe_only": 2.6423357664233578,
        "avg_hold_full_position": 15.358695652173912
      },
      "exit_dist": {
        "time_decay": 30,
        "probe_abort": 103,
        "R_regime_exit": 27,
        "spatial_stop": 65,
        "destab_exit": 4
      }
    },
    "buy_hold": {
      "metrics": {
        "total_return": 25.107917523581488,
        "sharpe_ratio": 1.0553343131721482,
        "max_drawdown": -0.9673850123343585,
        "n_trades": 1,
        "win_rate": 1.0,
        "avg_pnl": 250697.9367625488,
        "avg_win": 250697.9367625488,
        "avg_loss": 0.0,
        "profit_factor": Infinity,
        "initial_capital": 10000,
        "final_capital": 261079.17523581488
      }
    }
  },
  "BNB": {
    "v3.1": {
      "metrics": {
        "total_return": -0.001429023044746458,
        "sharpe_ratio": 0.004515709040336334,
        "max_drawdown": -0.030491603514040816,
        "n_trades": 308,
        "win_rate": 0.36688311688311687,
        "avg_pnl": -2.363594306314069,
        "avg_win": 21.088701193184303,
        "avg_loss": -15.953898877818252,
        "profit_factor": 0.7659965797124005,
        "initial_capital": 10000,
        "final_capital": 9985.709769552535
      },
      "avg_hold": 7.7564935064935066,
      "avg_win": 21.088701193184303,
      "avg_loss": -15.953898877818252,