{
  "BTC": {
    "markov_vpvr": {
      "metrics": {
        "total_return": -0.003191788513164484,
        "sharpe_ratio": 0.0062474655979654495,
        "max_drawdown": -0.048817993292341724,
        "n_trades": 299,
        "win_rate": 0.3712374581939799,
        "avg_pnl": 4.350973456348475,
        "avg_win": 35.938739775284354,
        "avg_loss": -14.299250274512602,
        "profit_factor": 1.483934412001645,
        "initial_capital": 10000,
        "final_capital": 9968.082114868355
      },
      "avg_hold": 16.090301003344482,
      "avg_win": 35.938739775284354,
      "avg_loss": -14.299250274512602,
      "wl_ratio": 2.5133303554622444,
      "scale_in": {
        "t1_fills": 251,
        "t2_fills": 150,
        "t3_fills": 119,
        "completion_rate": 0.47410358565737054
      },
      "exit_dist": {
        "spatial_stop": 81,
        "R_regime_exit": 128,
        "destab_exit": 32
      }
    },
    "langevin_native": {
      "metrics": {
        "total_return": 0.0015692334947565723,
        "sharpe_ratio": 0.028930391124090234,
        "max_drawdown": -0.09365284004247053,
        "n_trades": 361,
        "win_rate": 0.5734072022160664,
        "avg_pnl": 5.085412398859971,
        "avg_win": 21.359099703021773,
        "avg_loss": -16.788959496993876,
        "profit_factor": 1.7100499108872524,
        "initial_capital": 10000,
        "final_capital": 10015.692334947566
      },
      "avg_hold": 34.094182825484765,
      "avg_win": 21.359099703021773,
      "avg_loss": -16.788959496993876,
      "wl_ratio": 1.272211044814671
    },
    "landscape_vpvr": {
      "metrics": {
        "total_return": -0.00990837922716814,
        "sharpe_ratio": 0.0449449994698757,
        "max_drawdown": -0.1472552449527378,
        "n_trades": 1650,
        "win_rate": 0.4896969696969697,
        "avg_pnl": 2.244765964668852,
        "avg_win": 26.024371150913232,
        "avg_loss": -20.574617634482525,
        "profit_factor": 1.2138016973726056,
        "initial_capital": 10000,
        "final_capital": 9900.916207728318
      },
      "avg_hold": 21.349090909090908,
      "avg_win": 26.024371150913232,
      "avg_loss": -20.574617634482525,
      "wl_ratio": 1.2648775113709556
    },
    "buy_hold": {
      "metrics": {
        "total_return": 13.749087751736047,
        "sharpe_ratio": 0.8059633409832245,
        "max_drawdown": -0.8294869129579501,
        "n_trades": 1,
        "win_rate": 1.0,
        "avg_pnl": 137279.9646965232,
        "avg_win": 137279.9646965232,
        "avg_loss": 0.0,
        "profit_factor": Infinity,
        "initial_capital": 10000,
        "final_capital": 147490.87751736047
      }
    },
    "ma_crossover": {
      "metrics": {
        "total_return": 0.15316511321411896,
        "sharpe_ratio": 0.18517577581494246,
        "max_drawdown": -0.4699260570896521,
        "n_trades": 250,
        "win_rate": 0.336,
        "avg_pnl": 15.607343876053088,
        "avg_win": 499.73472842271906,
        "avg_loss": -229.37277842466943,
        "profit_factor": 1.1024752637141322,
        "initial_capital": 10000,
        "final_capital": 11531.651132141189
      },
      "avg_hold": 79.7,
      "avg_win": 499.73472842271906,
      "avg_loss": -229.37277842466943,
      "wl_ratio": 2.1787011163874523
    }
  },
  "ETH": {
    "markov_vpvr": {
      "metrics": {
        "total_return": -0.007558969811290117,
        "sharpe_ratio": 0.014394093590011384,
        "max_drawdown": -0.10972439852837419,
        "n_trades": 371,
        "win_rate": 0.3288409703504043,
        "avg_pnl": 2.0812376602953835,
        "avg_win": 41.04180995407596,
        "avg_loss": -17.007878082038875,
        "profit_factor": 1.182324950534136,
        "initial_capital": 10000,
        "final_capital": 9924.4103018871
      },
      "avg_hold": 13.328840970350404,
      "avg_win": 41.04180995407596,
      "avg_loss": -17.007878082038875,
      "wl_ratio": 2.4131058416639317,
      "scale_in": {
        "t1_fills": 317,
        "t2_fills": 174,
        "t3_fills": 128,
        "completion_rate": 0.4037854889589905
      },
      "exit_dist": {
        "spatial_stop": 117,
        "destab_exit": 26,
        "R_regime_exit": 168
      }
    },
    "langevin_native": {
      "metrics": {
        "total_return": -0.0069431549217846555,
        "sharpe_ratio": -0.0034246431883054383,
        "max_drawdown": -0.07013851629868116,
        "n_trades": 308,
        "win_rate": 0.5454545454545454,
        "avg_pnl": -0.7870801770151363,
        "avg_win": 18.960026671430878,
        "avg_loss": -24.483608395150352,
        "profit_factor": 0.9292760951945184,
        "initial_capital": 10000,
        "final_capital": 9930.568450782153
      },
      "avg_hold": 23.714285714285715,
      "avg_win": 18.960026671430878,
      "avg_loss": -24.483608395150352,
      "wl_ratio": 0.7743967459954322
    },
    "landscape_vpvr": {
      "metrics": {
        "total_return": -0.007223761753373914,
        "sharpe_ratio": 0.06815130491964821,
        "max_drawdown": -0.2815569165093277,
        "n_trades": 1679,
        "win_rate": 0.5116140559857058,
        "avg_pnl": 4.627654085484739,
        "avg_win": 33.32660780887985,
        "avg_loss": -25.436249875974283,
        "profit_factor": 1.3725157584259153,
        "initial_capital": 10000,
        "final_capital": 9927.76238246626
      },
      "avg_hold": 21.742703990470517,
      "avg_win": 33.32660780887985,
      "avg_loss": -25.436249875974283,
      "wl_ratio": 1.3102013060643178
    },
    "buy_hold": {
      "metrics": {
        "total_return": 5.4770933586324615,
        "sharpe_ratio": 0.6848002264587209,
        "max_drawdown": -0.9321717384722403,
        "n_trades": 1,
        "win_rate": 1.0,
        "avg_pnl": 54684.059321411936,
        "avg_win": 54684.059321411936,
        "avg_loss": 0.0,
        "profit_factor": Infinity,
        "initial_capital": 10000,
        "final_capital": 64770.933586324616
      }
    },
    "ma_crossover": {
      "metrics": {
        "total_return": -0.4359793948092664,
        "sharpe_ratio": -0.17445483029975492,
        "max_drawdown": -0.5438815648628296,
        "n_trades": 236,
        "win_rate": 0.3601694915254237,
        "avg_pnl": -12.230579753485712,
        "avg_win": 290.7407805565628,
        "avg_loss": -182.77737198099646,
        "profit_factor": 0.8954173430567453,
        "initial_capital": 10000,
        "final_capital": 5640.206051907336
      },
      "avg_hold": 52.228813559322035,
      "avg_win": 290.7407805565628,
      "avg_loss": -182.77737198099646,
      "wl_ratio": 1.5906825741360993
    }
  },
  "SOL": {
    "markov_vpvr": {
      "metrics": {
        "total_return": -0.00518157688028642,
        "sharpe_ratio": 0.0033398537693225543,
        "max_drawdown": -0.07855196053271601,
        "n_trades": 254,
        "win_rate": 0.30708661417322836,
        "avg_pnl": 1.4785758339502229,
        "avg_win": 41.6224894348652,
        "avg_loss": -16.3124767846371,
        "profit_factor": 1.1308111446552134,
        "initial_capital": 10000,
        "final_capital": 9948.184231197136
      },
      "avg_hold": 11.26771653543307,
      "avg_win": 41.6224894348652,
      "avg_loss": -16.3124767846371,
      "wl_ratio": 2.5515738648630464,
      "scale_in": {
        "t1_fills": 201,
        "t2_fills": 116,
        "t3_fills": 81,
        "completion_rate": 0.40298507462686567
      },
      "exit_dist": {
        "R_regime_exit": 96,
        "spatial_stop": 80,
        "destab_exit": 14
      }
    },
    "langevin_native": {
      "metrics": {
        "total_return": -0.01495227356465434,
        "sharpe_ratio": -0.08940828245998853,
        "max_drawdown": -0.04445273803732317,
        "n_trades": 180,
        "win_rate": 0.5722222222222222,
        "avg_pnl": -0.24700578055200756,
        "avg_win": 18.56538236684868,
        "avg_loss": -25.411628886815265,
        "profit_factor": 0.9772774853216556,