{
  "BTC": {
    "markov_vpvr": {
      "metrics": {
        "total_return": -0.0022658170146226952,
        "sharpe_ratio": -0.005425899625748878,
        "max_drawdown": -0.02644129524972066,
        "n_trades": 292,
        "win_rate": 0.3664383561643836,
        "avg_pnl": 1.838133576620335,
        "avg_win": 20.79334809223223,
        "avg_loss": -9.12515265673357,
        "profit_factor": 1.317942110455322,
        "initial_capital": 10000,
        "final_capital": 9977.341829853773
      },
      "avg_hold": 10.465753424657533,
      "avg_win": 20.79334809223223,
      "avg_loss": -9.12515265673357,
      "wl_ratio": 2.2786849573292938,
      "scale_in": {
        "t1_fills": 250,
        "t2_fills": 139,
        "t3_fills": 107,
        "completion_rate": 0.428
      },
      "exit_dist": {
        "spatial_stop": 73,
        "R_regime_exit": 111,
        "time_decay": 50,
        "destab_exit": 11
      }
    },
    "langevin_native": {
      "metrics": {
        "total_return": 0.0015692334947565723,
        "sharpe_ratio": 0.028930391124090737,
        "max_drawdown": -0.09365284004247053,
        "n_trades": 361,
        "win_rate": 0.5734072022160664,
        "avg_pnl": 5.085412398859969,
        "avg_win": 21.35909970302177,
        "avg_loss": -16.788959496993876,
        "profit_factor": 1.7100499108872522,
        "initial_capital": 10000,
        "final_capital": 10015.692334947566
      },
      "avg_hold": 34.094182825484765,
      "avg_win": 21.35909970302177,
      "avg_loss": -16.788959496993876,
      "wl_ratio": 1.2722110448146708
    },
    "landscape_vpvr": {
      "metrics": {
        "total_return": -0.00990837922716814,
        "sharpe_ratio": 0.0449449994698757,
        "max_drawdown": -0.1472552449527378,
        "n_trades": 1650,
        "win_rate": 0.4896969696969697,
        "avg_pnl": 2.244765964668852,
        "avg_win": 26.024371150913232,
        "avg_loss": -20.574617634482525,
        "profit_factor": 1.2138016973726056,
        "initial_capital": 10000,
        "final_capital": 9900.916207728318
      },
      "avg_hold": 21.349090909090908,
      "avg_win": 26.024371150913232,
      "avg_loss": -20.574617634482525,
      "wl_ratio": 1.2648775113709556
    },
    "buy_hold": {
      "metrics": {
        "total_return": 13.749087751736047,
        "sharpe_ratio": 0.8059633409832245,
        "max_drawdown": -0.8294869129579501,
        "n_trades": 1,
        "win_rate": 1.0,
        "avg_pnl": 137279.9646965232,
        "avg_win": 137279.9646965232,
        "avg_loss": 0.0,
        "profit_factor": Infinity,
        "initial_capital": 10000,
        "final_capital": 147490.87751736047
      }
    },
    "ma_crossover": {
      "metrics": {
        "total_return": 0.15316511321411896,
        "sharpe_ratio": 0.18517577581494246,
        "max_drawdown": -0.4699260570896521,
        "n_trades": 250,
        "win_rate": 0.336,
        "avg_pnl": 15.607343876053088,
        "avg_win": 499.73472842271906,
        "avg_loss": -229.37277842466943,
        "profit_factor": 1.1024752637141322,
        "initial_capital": 10000,
        "final_capital": 11531.651132141189
      },
      "avg_hold": 79.7,
      "avg_win": 499.73472842271906,
      "avg_loss": -229.37277842466943,
      "wl_ratio": 2.1787011163874523
    }
  },
  "ETH": {
    "markov_vpvr": {
      "metrics": {
        "total_return": -0.005359158678262976,
        "sharpe_ratio": -0.019843166610089967,
        "max_drawdown": -0.033662821990578205,
        "n_trades": 372,
        "win_rate": 0.3629032258064516,
        "avg_pnl": -0.0802213452325118,
        "avg_win": 19.320429447608138,
        "avg_loss": -11.131224961407566,
        "profit_factor": 0.988687943272226,
        "initial_capital": 10000,
        "final_capital": 9946.40841321737
      },
      "avg_hold": 8.182795698924732,
      "avg_win": 19.320429447608138,
      "avg_loss": -11.131224961407566,
      "wl_ratio": 1.7356966115223522,
      "scale_in": {
        "t1_fills": 324,
        "t2_fills": 170,
        "t3_fills": 128,
        "completion_rate": 0.3950617283950617
      },
      "exit_dist": {
        "spatial_stop": 106,
        "time_decay": 56,
        "R_regime_exit": 152,
        "destab_exit": 8
      }
    },
    "langevin_native": {
      "metrics": {
        "total_return": -0.0069431549217846555,
        "sharpe_ratio": -0.003424643188307905,
        "max_drawdown": -0.07013851629868131,
        "n_trades": 308,
        "win_rate": 0.5454545454545454,
        "avg_pnl": -0.7870801770151391,
        "avg_win": 18.960026671430875,
        "avg_loss": -24.483608395150355,
        "profit_factor": 0.9292760951945184,
        "initial_capital": 10000,
        "final_capital": 9930.568450782153
      },
      "avg_hold": 23.714285714285715,
      "avg_win": 18.960026671430875,
      "avg_loss": -24.483608395150355,
      "wl_ratio": 0.774396745995432
    },
    "landscape_vpvr": {
      "metrics": {
        "total_return": -0.007223761753373914,
        "sharpe_ratio": 0.06815130491964821,
        "max_drawdown": -0.2815569165093277,
        "n_trades": 1679,
        "win_rate": 0.5116140559857058,
        "avg_pnl": 4.627654085484739,
        "avg_win": 33.32660780887985,
        "avg_loss": -25.436249875974283,
        "profit_factor": 1.3725157584259153,
        "initial_capital": 10000,
        "final_capital": 9927.76238246626
      },
      "avg_hold": 21.742703990470517,
      "avg_win": 33.32660780887985,
      "avg_loss": -25.436249875974283,
      "wl_ratio": 1.3102013060643178
    },
    "buy_hold": {
      "metrics": {
        "total_return": 5.4770933586324615,
        "sharpe_ratio": 0.6848002264587209,
        "max_drawdown": -0.9321717384722403,
        "n_trades": 1,
        "win_rate": 1.0,
        "avg_pnl": 54684.059321411936,
        "avg_win": 54684.059321411936,
        "avg_loss": 0.0,
        "profit_factor": Infinity,
        "initial_capital": 10000,
        "final_capital": 64770.933586324616
      }
    },
    "ma_crossover": {
      "metrics": {
        "total_return": -0.4359793948092664,
        "sharpe_ratio": -0.17445483029975492,
        "max_drawdown": -0.5438815648628296,
        "n_trades": 236,
        "win_rate": 0.3601694915254237,
        "avg_pnl": -12.230579753485712,
        "avg_win": 290.7407805565628,
        "avg_loss": -182.77737198099646,
        "profit_factor": 0.8954173430567453,
        "initial_capital": 10000,
        "final_capital": 5640.206051907336
      },
      "avg_hold": 52.228813559322035,
      "avg_win": 290.7407805565628,
      "avg_loss": -182.77737198099646,
      "wl_ratio": 1.5906825741360993
    }
  },
  "SOL": {
    "markov_vpvr": {
      "metrics": {
        "total_return": -0.0036819542594744847,
        "sharpe_ratio": -0.02271787466402037,
        "max_drawdown": -0.028281609590045314,
        "n_trades": 253,
        "win_rate": 0.3438735177865613,
        "avg_pnl": -0.1782406581264021,
        "avg_win": 19.942061632399092,
        "avg_loss": -10.723218364606632,
        "profit_factor": 0.9746665661772081,
        "initial_capital": 10000,
        "final_capital": 9963.180457405255
      },
      "avg_hold": 6.83794466403162,
      "avg_win": 19.942061632399092,
      "avg_loss": -10.723218364606632,
      "wl_ratio": 1.8597086205220295,
      "scale_in": {
        "t1_fills": 204,
        "t2_fills": 106,
        "t3_fills": 72,
        "completion_rate": 0.35294117647058826
      },
      "exit_dist": {
        "time_decay": 36,
        "R_regime_exit": 86,
        "spatial_stop": 71,
        "destab_exit": 5
      }
    },
    "langevin_native": {
      "metrics": {
        "total_return": -0.01495227356465434,
        "sharpe_ratio": -0.08940828245999483,
        "max_drawdown": -0.04445273803732317,
        "n_trades": 180,
        "win_rate": 0.5722222222222222,
        "avg_pnl": -0.24700578055200662,
        "avg_win": 18.56538236684868,
        "avg_loss": -25.411628886815265,