{
  "BTC": {
    "markov_vpvr": {
      "metrics": {
        "total_return": -0.0003618775792109119,
        "sharpe_ratio": 0.0037109579708538066,
        "max_drawdown": -0.02250029997060659,
        "n_trades": 296,
        "win_rate": 0.36824324324324326,
        "avg_pnl": 0.45454290379016177,
        "avg_win": 11.15488278451731,
        "avg_loss": -5.782553604227268,
        "profit_factor": 1.1244243324002792,
        "initial_capital": 10000,
        "final_capital": 9996.381224207891
      },
      "avg_hold": 4.5641891891891895,
      "avg_win": 11.15488278451731,
      "avg_loss": -5.782553604227268,
      "wl_ratio": 1.929058258338092,
      "scale_in": {
        "t1_fills": 267,
        "t2_fills": 92,
        "t3_fills": 42,
        "completion_rate": 0.15730337078651685
      },
      "exit_dist": {
        "spatial_stop": 47,
        "destab_exit": 142,
        "R_regime_exit": 75,
        "time_decay": 3
      }
    },
    "langevin_native": {
      "metrics": {
        "total_return": 0.0015692334947565723,
        "sharpe_ratio": 0.028930391124091032,
        "max_drawdown": -0.09365284004247053,
        "n_trades": 361,
        "win_rate": 0.5734072022160664,
        "avg_pnl": 5.085412398859969,
        "avg_win": 21.35909970302177,
        "avg_loss": -16.78895949699388,
        "profit_factor": 1.7100499108872522,
        "initial_capital": 10000,
        "final_capital": 10015.692334947566
      },
      "avg_hold": 34.094182825484765,
      "avg_win": 21.35909970302177,
      "avg_loss": -16.78895949699388,
      "wl_ratio": 1.2722110448146706
    },
    "landscape_vpvr": {
      "metrics": {
        "total_return": -0.00990837922716814,
        "sharpe_ratio": 0.0449449994698757,
        "max_drawdown": -0.1472552449527378,
        "n_trades": 1650,
        "win_rate": 0.4896969696969697,
        "avg_pnl": 2.244765964668852,
        "avg_win": 26.024371150913232,
        "avg_loss": -20.574617634482525,
        "profit_factor": 1.2138016973726056,
        "initial_capital": 10000,
        "final_capital": 9900.916207728318
      },
      "avg_hold": 21.349090909090908,
      "avg_win": 26.024371150913232,
      "avg_loss": -20.574617634482525,
      "wl_ratio": 1.2648775113709556
    },
    "buy_hold": {
      "metrics": {
        "total_return": 13.749087751736047,
        "sharpe_ratio": 0.8059633409832245,
        "max_drawdown": -0.8294869129579501,
        "n_trades": 1,
        "win_rate": 1.0,
        "avg_pnl": 137279.9646965232,
        "avg_win": 137279.9646965232,
        "avg_loss": 0.0,
        "profit_factor": Infinity,
        "initial_capital": 10000,
        "final_capital": 147490.87751736047
      }
    },
    "ma_crossover": {
      "metrics": {
        "total_return": 0.15316511321411896,
        "sharpe_ratio": 0.18517577581494246,
        "max_drawdown": -0.4699260570896521,
        "n_trades": 250,
        "win_rate": 0.336,
        "avg_pnl": 15.607343876053088,
        "avg_win": 499.73472842271906,
        "avg_loss": -229.37277842466943,
        "profit_factor": 1.1024752637141322,
        "initial_capital": 10000,
        "final_capital": 11531.651132141189
      },
      "avg_hold": 79.7,
      "avg_win": 499.73472842271906,
      "avg_loss": -229.37277842466943,
      "wl_ratio": 2.1787011163874523
    }
  },
  "ETH": {
    "markov_vpvr": {
      "metrics": {
        "total_return": -0.006050672155306747,
        "sharpe_ratio": -0.04919193690331549,
        "max_drawdown": -0.0210033816491717,
        "n_trades": 361,
        "win_rate": 0.39335180055401664,
        "avg_pnl": -0.587873700164373,
        "avg_win": 9.776107751426164,
        "avg_loss": -7.307898203022164,
        "profit_factor": 0.8673966092340861,
        "initial_capital": 10000,
        "final_capital": 9939.493278446933
      },
      "avg_hold": 4.166204986149585,
      "avg_win": 9.776107751426164,
      "avg_loss": -7.307898203022164,
      "wl_ratio": 1.3377454748046815,
      "scale_in": {
        "t1_fills": 344,
        "t2_fills": 92,
        "t3_fills": 52,
        "completion_rate": 0.1511627906976744
      },
      "exit_dist": {
        "spatial_stop": 72,
        "destab_exit": 159,
        "R_regime_exit": 109,
        "time_decay": 4
      }
    },
    "langevin_native": {
      "metrics": {
        "total_return": -0.0069431549217846555,
        "sharpe_ratio": -0.0034246431883068504,
        "max_drawdown": -0.07013851629868116,
        "n_trades": 308,
        "win_rate": 0.5454545454545454,
        "avg_pnl": -0.7870801770151367,
        "avg_win": 18.960026671430878,
        "avg_loss": -24.483608395150355,
        "profit_factor": 0.9292760951945186,
        "initial_capital": 10000,
        "final_capital": 9930.568450782153
      },
      "avg_hold": 23.714285714285715,
      "avg_win": 18.960026671430878,
      "avg_loss": -24.483608395150355,
      "wl_ratio": 0.7743967459954321
    },
    "landscape_vpvr": {
      "metrics": {
        "total_return": -0.007223761753373914,
        "sharpe_ratio": 0.06815130491964821,
        "max_drawdown": -0.2815569165093277,
        "n_trades": 1679,
        "win_rate": 0.5116140559857058,
        "avg_pnl": 4.627654085484739,
        "avg_win": 33.32660780887985,
        "avg_loss": -25.436249875974283,
        "profit_factor": 1.3725157584259153,
        "initial_capital": 10000,
        "final_capital": 9927.76238246626
      },
      "avg_hold": 21.742703990470517,
      "avg_win": 33.32660780887985,
      "avg_loss": -25.436249875974283,
      "wl_ratio": 1.3102013060643178
    },
    "buy_hold": {
      "metrics": {
        "total_return": 5.4770933586324615,
        "sharpe_ratio": 0.6848002264587209,
        "max_drawdown": -0.9321717384722403,
        "n_trades": 1,
        "win_rate": 1.0,
        "avg_pnl": 54684.059321411936,
        "avg_win": 54684.059321411936,
        "avg_loss": 0.0,
        "profit_factor": Infinity,
        "initial_capital": 10000,
        "final_capital": 64770.933586324616
      }
    },
    "ma_crossover": {
      "metrics": {
        "total_return": -0.4359793948092664,
        "sharpe_ratio": -0.17445483029975492,
        "max_drawdown": -0.5438815648628296,
        "n_trades": 236,
        "win_rate": 0.3601694915254237,
        "avg_pnl": -12.230579753485712,
        "avg_win": 290.7407805565628,
        "avg_loss": -182.77737198099646,
        "profit_factor": 0.8954173430567453,
        "initial_capital": 10000,
        "final_capital": 5640.206051907336
      },
      "avg_hold": 52.228813559322035,
      "avg_win": 290.7407805565628,
      "avg_loss": -182.77737198099646,
      "wl_ratio": 1.5906825741360993
    }
  },
  "SOL": {
    "markov_vpvr": {
      "metrics": {
        "total_return": -0.003505978203819926,
        "sharpe_ratio": -0.033225970481695684,
        "max_drawdown": -0.025542205232518315,
        "n_trades": 238,
        "win_rate": 0.35714285714285715,
        "avg_pnl": -0.23612202420817582,
        "avg_win": 12.529625388749732,
        "avg_loss": -7.328203920295902,
        "profit_factor": 0.9498784517269241,
        "initial_capital": 10000,
        "final_capital": 9964.940217961801
      },
      "avg_hold": 3.5252100840336134,
      "avg_win": 12.529625388749732,
      "avg_loss": -7.328203920295902,
      "wl_ratio": 1.7097812131084644,
      "scale_in": {
        "t1_fills": 219,
        "t2_fills": 52,
        "t3_fills": 28,
        "completion_rate": 0.1278538812785388
      },
      "exit_dist": {
        "destab_exit": 115,
        "R_regime_exit": 56,
        "spatial_stop": 44,
        "time_decay": 1
      }
    },
    "langevin_native": {
      "metrics": {
        "total_return": -0.01495227356465434,
        "sharpe_ratio": -0.08940828245999086,
        "max_drawdown": -0.04445273803732317,
        "n_trades": 180,
        "win_rate": 0.5722222222222222,
        "avg_pnl": -0.24700578055200392,
        "avg_win": 18.565382366848684,