{
  "BTC": {
    "v5": {
      "metrics": {
        "total_return": -0.002059134989074285,
        "sharpe_ratio": -0.0019085150958363815,
        "max_drawdown": -0.02812649377182682,
        "n_trades": 294,
        "win_rate": 0.37755102040816324,
        "avg_pnl": 2.9001403656826072,
        "avg_win": 22.081325764386726,
        "avg_loss": -8.7343491384494,
        "profit_factor": 1.533438934614498,
        "initial_capital": 10000,
        "final_capital": 9979.408650109257
      },
      "avg_hold": 9.918367346938776,
      "avg_win": 22.081325764386726,
      "avg_loss": -8.7343491384494,
      "wl_ratio": 2.5281020273374146,
      "ev_per_trade": 2.9001403656826072,
      "barbell": {
        "phase1_fills": 261,
        "phase2_fills": 145,
        "probe_aborts": 94,
        "phase1_abort_rate": 0.36015325670498083,
        "phase2_fill_rate": 0.5555555555555556,
        "avg_hold_probe_only": 2.4827586206896552,
        "avg_hold_full_position": 20.52482269503546
      },
      "exit_dist": {
        "spatial_stop": 70,
        "R_regime_exit": 35,
        "probe_abort": 94,
        "time_decay": 48,
        "destab_exit": 10
      }
    },
    "v5.1a": {
      "metrics": {
        "total_return": -0.002289049715104241,
        "sharpe_ratio": -0.006984093296042598,
        "max_drawdown": -0.029312427942526795,
        "n_trades": 291,
        "win_rate": 0.38144329896907214,
        "avg_pnl": 2.7965313533799026,
        "avg_win": 20.614428570202183,
        "avg_loss": -8.191171930327167,
        "profit_factor": 1.551942879450332,
        "initial_capital": 10000,
        "final_capital": 9977.109502848958
      },
      "avg_hold": 9.986254295532646,
      "avg_win": 20.614428570202183,
      "avg_loss": -8.191171930327167,
      "wl_ratio": 2.5166641288383764,
      "ev_per_trade": 2.7965313533799026,
      "barbell": {
        "phase1_fills": 266,
        "phase2_fills": 116,
        "probe_aborts": 108,
        "phase1_abort_rate": 0.40601503759398494,
        "phase2_fill_rate": 0.43609022556390975,
        "avg_hold_probe_only": 3.0067114093959733,
        "avg_hold_full_position": 24.513274336283185
      },
      "exit_dist": {
        "spatial_stop": 67,
        "R_regime_exit": 29,
        "probe_abort": 108,
        "time_decay": 49,
        "destab_exit": 9
      }
    },
    "v5.1b": {
      "metrics": {
        "total_return": -0.0024668974906087993,
        "sharpe_ratio": -0.007184348057136314,
        "max_drawdown": -0.02987920033298824,
        "n_trades": 284,
        "win_rate": 0.3767605633802817,
        "avg_pnl": 3.192288603399814,
        "avg_win": 21.481318161195897,
        "avg_loss": -7.863791411765051,
        "profit_factor": 1.6513512274553395,
        "initial_capital": 10000,
        "final_capital": 9975.331025093912
      },
      "avg_hold": 10.003521126760564,
      "avg_win": 21.481318161195897,
      "avg_loss": -7.863791411765051,
      "wl_ratio": 2.731674460370046,
      "ev_per_trade": 3.192288603399814,
      "barbell": {
        "phase1_fills": 267,
        "phase2_fills": 94,
        "probe_aborts": 120,
        "phase1_abort_rate": 0.449438202247191,
        "phase2_fill_rate": 0.352059925093633,
        "avg_hold_probe_only": 4.654970760233918,
        "avg_hold_full_position": 25.880434782608695
      },
      "exit_dist": {
        "spatial_stop": 66,
        "probe_abort": 120,
        "R_regime_exit": 19,
        "time_decay": 48,
        "destab_exit": 10
      }
    },
    "buy_hold": {
      "metrics": {
        "total_return": 13.749087751736047,
        "sharpe_ratio": 0.8059633409832245,
        "max_drawdown": -0.8294869129579501,
        "n_trades": 1,
        "win_rate": 1.0,
        "avg_pnl": 137279.9646965232,
        "avg_win": 137279.9646965232,
        "avg_loss": 0.0,
        "profit_factor": Infinity,
        "initial_capital": 10000,
        "final_capital": 147490.87751736047
      }
    }
  },
  "ETH": {
    "v5": {
      "metrics": {
        "total_return": -0.006121558873689592,
        "sharpe_ratio": -0.02770066465271078,
        "max_drawdown": -0.0381124725072988,
        "n_trades": 372,
        "win_rate": 0.3521505376344086,
        "avg_pnl": -0.6310203784390702,
        "avg_win": 18.398921173747443,
        "avg_loss": -10.975096491868253,
        "profit_factor": 0.9112515176989645,
        "initial_capital": 10000,
        "final_capital": 9938.784411263105
      },
      "avg_hold": 7.155913978494624,
      "avg_win": 18.398921173747443,
      "avg_loss": -10.975096491868253,
      "wl_ratio": 1.6764245478278668,
      "ev_per_trade": -0.6310203784390702,
      "barbell": {
        "phase1_fills": 342,
        "phase2_fills": 154,
        "probe_aborts": 149,
        "phase1_abort_rate": 0.43567251461988304,
        "phase2_fill_rate": 0.4502923976608187,
        "avg_hold_probe_only": 2.3138297872340425,
        "avg_hold_full_position": 17.333333333333332
      },
      "exit_dist": {
        "spatial_stop": 96,
        "probe_abort": 149,
        "R_regime_exit": 39,
        "time_decay": 47,
        "destab_exit": 10
      }
    },
    "v5.1a": {
      "metrics": {
        "total_return": -0.0056593904557618036,
        "sharpe_ratio": -0.03207241693679382,
        "max_drawdown": -0.02777779824951702,
        "n_trades": 371,
        "win_rate": 0.3477088948787062,
        "avg_pnl": -0.20927810544171893,
        "avg_win": 17.1179727329761,
        "avg_loss": -9.445705205259479,
        "profit_factor": 0.9660337226635711,
        "initial_capital": 10000,
        "final_capital": 9943.406095442382
      },
      "avg_hold": 7.366576819407008,
      "avg_win": 17.1179727329761,
      "avg_loss": -9.445705205259479,
      "wl_ratio": 1.8122493091828245,
      "ev_per_trade": -0.20927810544171893,
      "barbell": {
        "phase1_fills": 347,
        "phase2_fills": 123,
        "probe_aborts": 170,
        "phase1_abort_rate": 0.4899135446685879,
        "phase2_fill_rate": 0.35446685878962536,
        "avg_hold_probe_only": 2.991031390134529,
        "avg_hold_full_position": 19.528455284552845
      },
      "exit_dist": {
        "spatial_stop": 94,
        "probe_abort": 170,
        "R_regime_exit": 28,
        "time_decay": 46,
        "destab_exit": 8
      }
    },
    "v5.1b": {
      "metrics": {
        "total_return": -0.005471876031359346,
        "sharpe_ratio": -0.029331807407975752,
        "max_drawdown": -0.02777779824951702,
        "n_trades": 371,
        "win_rate": 0.3504043126684636,
        "avg_pnl": 0.0258227437471962,
        "avg_win": 15.823986865482206,
        "avg_loss": -8.496008525238492,
        "profit_factor": 1.0046789059225383,
        "initial_capital": 10000,
        "final_capital": 9945.281239686406
      },
      "avg_hold": 7.231805929919138,
      "avg_win": 15.823986865482206,
      "avg_loss": -8.496008525238492,
      "wl_ratio": 1.862520125594861,
      "ev_per_trade": 0.0258227437471962,
      "barbell": {
        "phase1_fills": 347,
        "phase2_fills": 103,
        "probe_aborts": 181,
        "phase1_abort_rate": 0.521613832853026,
        "phase2_fill_rate": 0.2968299711815562,
        "avg_hold_probe_only": 3.6378600823045266,
        "avg_hold_full_position": 20.805825242718445
      },
      "exit_dist": {
        "spatial_stop": 93,
        "probe_abort": 181,
        "R_regime_exit": 19,
        "time_decay": 46,
        "destab_exit": 7
      }
    },
    "buy_hold": {
      "metrics": {
        "total_return": 5.4770933586324615,
        "sharpe_ratio": 0.6848002264587209,
        "max_drawdown": -0.9321717384722403,
        "n_trades": 1,
        "win_rate": 1.0,
        "avg_pnl": 54684.059321411936,
        "avg_win": 54684.059321411936,
        "avg_loss": 0.0,
        "profit_factor": Infinity,
        "initial_capital": 10000,
        "final_capital": 64770.933586324616
      }
    }
  },