{
  "portfolio": {
    "total_return": -0.9768282156392137,
    "sharpe_ratio": -0.5235770977386217,
    "max_drawdown": -0.9889433920622022
  },
  "equal_weight_bh": {
    "total_return": 12.343049895527619,
    "sharpe_ratio": 0.981287678294394,
    "max_drawdown": -0.8647249463212265
  },
  "btc_only_bh": {
    "total_return": 4.692009312183724,
    "sharpe_ratio": 0.8281078167833842,
    "max_drawdown": -0.7719848663243956
  },
  "per_token": {
    "BTC": {
      "3E-1": {
        "total_return": -0.2550550650322081,
        "sharpe_ratio": 0.11995263326974265,
        "max_drawdown": -0.4704106548789972,
        "n_trades": 1190,
        "win_rate": 0.3554621848739496,
        "avg_pnl": -14.968355436969157,
        "avg_win": 97.26529194800284,
        "avg_loss": -76.86513880573467,
        "profit_factor": 0.6978683176332647,
        "initial_capital": 10000,
        "final_capital": 7449.449349677919
      },
      "3E-2": {
        "total_return": -0.05550145933230177,
        "sharpe_ratio": 0.07089078155518952,
        "max_drawdown": -0.3307513619644582,
        "n_trades": 762,
        "win_rate": 0.4199475065616798,
        "avg_pnl": -9.466246268155178,
        "avg_win": 80.93193780905179,
        "avg_loss": -74.91289537382535,
        "profit_factor": 0.7821518291331788,
        "initial_capital": 10000,
        "final_capital": 9444.985406676982
      },
      "9P-1": {
        "total_return": -0.23087591399414986,
        "sharpe_ratio": 0.08023939001901041,
        "max_drawdown": -0.4147898678550832,
        "n_trades": 923,
        "win_rate": 0.4387865655471289,
        "avg_pnl": -13.268762949917216,
        "avg_win": 112.45804624669232,
        "avg_loss": -111.56868133722776,
        "profit_factor": 0.7880857914150674,
        "initial_capital": 10000,
        "final_capital": 7691.240860058501
      },
      "9P-2": {
        "total_return": -0.10442032206204643,
        "sharpe_ratio": 0.1347216121270867,
        "max_drawdown": -0.40871617734132265,
        "n_trades": 987,
        "win_rate": 0.4336372847011145,
        "avg_pnl": -13.987057398403373,
        "avg_win": 94.32816672880193,
        "avg_loss": -96.91892846538704,
        "profit_factor": 0.7451861099568325,
        "initial_capital": 10000,
        "final_capital": 8955.796779379536
      },
      "9P-3": {
        "total_return": -0.18305561111830715,
        "sharpe_ratio": 0.09143929941437955,
        "max_drawdown": -0.43507574382812275,
        "n_trades": 808,
        "win_rate": 0.44801980198019803,
        "avg_pnl": -12.008958981204426,
        "avg_win": 118.29154767471748,
        "avg_loss": -117.76856303825316,
        "profit_factor": 0.8152635951965209,
        "initial_capital": 10000,
        "final_capital": 8169.443888816929
      },
      "BuyHold": {
        "total_return": 13.749087751736047,
        "sharpe_ratio": 0.8059633409832245,
        "max_drawdown": -0.8294869129579501,
        "n_trades": 1,
        "win_rate": 1.0,
        "avg_pnl": 137279.9646965232,
        "avg_win": 137279.9646965232,
        "avg_loss": 0.0,
        "profit_factor": Infinity,
        "initial_capital": 10000,
        "final_capital": 147490.87751736047
      },
      "MACross": {
        "total_return": 0.15316511321411896,
        "sharpe_ratio": 0.18517577581494246,
        "max_drawdown": -0.4699260570896521,
        "n_trades": 250,
        "win_rate": 0.336,
        "avg_pnl": 15.607343876053088,
        "avg_win": 499.73472842271906,
        "avg_loss": -229.37277842466943,
        "profit_factor": 1.1024752637141322,
        "initial_capital": 10000,
        "final_capital": 11531.651132141189
      }
    },
    "ETH": {
      "3E-1": {
        "total_return": -0.19126859168784982,
        "sharpe_ratio": 0.1546690544813549,
        "max_drawdown": -0.5191649560471062,
        "n_trades": 1310,
        "win_rate": 0.3916030534351145,
        "avg_pnl": -9.468344165359575,
        "avg_win": 126.93512221213787,
        "avg_loss": -97.26630934936985,
        "profit_factor": 0.8399983090005396,
        "initial_capital": 10000,
        "final_capital": 8087.314083121502
      },
      "3E-2": {
        "total_return": -0.056132019613194695,
        "sharpe_ratio": 0.08344293435908724,
        "max_drawdown": -0.43598548206193893,
        "n_trades": 772,
        "win_rate": 0.4585492227979275,
        "avg_pnl": -1.359266241595521,
        "avg_win": 109.6980196691916,
        "avg_loss": -95.41256579283629,
        "profit_factor": 0.9736888412648462,
        "initial_capital": 10000,
        "final_capital": 9438.679803868054
      },
      "9P-1": {
        "total_return": 0.10650627540019353,
        "sharpe_ratio": 0.2618188361544655,
        "max_drawdown": -0.5292506926235812,
        "n_trades": 897,
        "win_rate": 0.41917502787068006,
        "avg_pnl": -13.28684214744913,
        "avg_win": 169.35969222414144,
        "avg_loss": -145.10084775919202,
        "profit_factor": 0.8423454368885288,
        "initial_capital": 10000,
        "final_capital": 11065.062754001936
      },
      "9P-2": {
        "total_return": 0.17564148839240978,
        "sharpe_ratio": 0.2593530136478003,
        "max_drawdown": -0.4839713973519103,
        "n_trades": 904,
        "win_rate": 0.4170353982300885,
        "avg_pnl": -12.599525730987107,
        "avg_win": 146.22194411375102,
        "avg_loss": -126.21564362750756,
        "profit_factor": 0.8287625204683171,
        "initial_capital": 10000,
        "final_capital": 11756.414883924097
      },
      "9P-3": {
        "total_return": -0.05759647547050539,
        "sharpe_ratio": 0.1974907501111037,
        "max_drawdown": -0.49826736820428125,
        "n_trades": 747,
        "win_rate": 0.4431057563587684,
        "avg_pnl": -16.24127367668359,
        "avg_win": 155.00046763952668,
        "avg_loss": -152.4937168874182,
        "profit_factor": 0.8087526589853463,
        "initial_capital": 10000,
        "final_capital": 9424.035245294946
      },
      "BuyHold": {
        "total_return": 5.4770933586324615,
        "sharpe_ratio": 0.6848002264587209,
        "max_drawdown": -0.9321717384722403,
        "n_trades": 1,
        "win_rate": 1.0,
        "avg_pnl": 54684.059321411936,
        "avg_win": 54684.059321411936,
        "avg_loss": 0.0,
        "profit_factor": Infinity,
        "initial_capital": 10000,
        "final_capital": 64770.933586324616
      },
      "MACross": {
        "total_return": -0.4359793948092664,
        "sharpe_ratio": -0.17445483029975492,
        "max_drawdown": -0.5438815648628296,
        "n_trades": 236,
        "win_rate": 0.3601694915254237,
        "avg_pnl": -12.230579753485712,
        "avg_win": 290.7407805565628,
        "avg_loss": -182.77737198099646,
        "profit_factor": 0.8954173430567453,
        "initial_capital": 10000,
        "final_capital": 5640.206051907336
      }
    },
    "SOL": {
      "3E-1": {
        "total_return": -0.1152014320266922,
        "sharpe_ratio": 0.18614392228295826,
        "max_drawdown": -0.44048545534146,
        "n_trades": 659,
        "win_rate": 0.41122913505311076,
        "avg_pnl": -18.48088582406135,
        "avg_win": 132.7185898857316,
        "avg_loss": -124.0867051986848,
        "profit_factor": 0.7470403685775494,
        "initial_capital": 10000,
        "final_capital": 8847.985679733078
      },
      "3E-2": {
        "total_return": -0.03394253103638489,
        "sharpe_ratio": 0.08472769757676049,
        "max_drawdown": -0.34211626118312133,
        "n_trades": 342,
        "win_rate": 0.39766081871345027,
        "avg_pnl": -14.226031132853992,
        "avg_win": 128.1937995028871,
        "avg_loss": -108.25077368848886,
        "profit_factor": 0.7818216608350067,
        "initial_capital": 10000,
        "final_capital": 9660.57468963615
      },
      "9P-1": {
        "total_return": -0.17497637425550328,
        "sharpe_ratio": 0.10698564337354763,