{
  "BTC": {
    "n_vectors": 75514,
    "silhouette_scores": {
      "3": 0.30933532348063447,
      "5": 0.26841532279792857,
      "7": 0.26023381337487167,
      "9": 0.2527016012635343,
      "12": 0.244001387910537
    },
    "best_k": 3,
    "best_silhouette": 0.30933532348063447
  },
  "ETH": {
    "n_vectors": 75523,
    "silhouette_scores": {
      "3": 0.3009209737665806,
      "5": 0.28868765212908487,
      "7": 0.2639873609206363,
      "9": 0.2643331858368082,
      "12": 0.2475917196103135
    },
    "best_k": 3,
    "best_silhouette": 0.3009209737665806
  },
  "SOL": {
    "n_vectors": 49469,
    "silhouette_scores": {
      "3": 0.335868236172374,
      "5": 0.2835115092958872,
      "7": 0.25169141376412163,
      "9": 0.25117899822973394,
      "12": 0.24787562009675876
    },
    "best_k": 3,
    "best_silhouette": 0.335868236172374
  },
  "BNB": {
    "n_vectors": 73586,
    "silhouette_scores": {
      "3": 0.299773529074415,
      "5": 0.27164819440958543,
      "7": 0.25609991131082027,
      "9": 0.24977054847947128,
      "12": 0.24673871477455842
    },
    "best_k": 3,
    "best_silhouette": 0.299773529074415
  },
  "ADA": {
    "n_vectors": 69731,
    "silhouette_scores": {
      "3": 0.2950524222105823,
      "5": 0.29187043902047827,
      "7": 0.26582498842680835,
      "9": 0.2588858767326389,
      "12": 0.24791621043715314
    },
    "best_k": 3,
    "best_silhouette": 0.2950524222105823
  }
}