{
  "normalisation": {
    "BTC_USDT": {
      "atr": {
        "mean": 400.16221395,
        "std": 274.11841795
      },
      "bbw": {
        "mean": 0.03023719,
        "std": 0.02422028
      },
      "rsi": {
        "mean": 50.41887523,
        "std": 12.08416864
      },
      "vwap_dist": {
        "mean": 0.04699368,
        "std": 1.29786086
      },
      "adx": {
        "mean": 27.37410438,
        "std": 11.91072504
      },
      "obv": {
        "mean": 328488.94527048,
        "std": 424084.75157719
      }
    },
    "ETH_USDT": {
      "atr": {
        "mean": 23.29875337,
        "std": 13.60112684
      },
      "bbw": {
        "mean": 0.04116342,
        "std": 0.03294791
      },
      "rsi": {
        "mean": 50.25372769,
        "std": 12.27359613
      },
      "vwap_dist": {
        "mean": 0.05291099,
        "std": 1.73823125
      },
      "adx": {
        "mean": 27.78225638,
        "std": 12.07177196
      },
      "obv": {
        "mean": -10576601.31017548,
        "std": 3400417.82077059
      }
    },
    "SOL_USDT": {
      "atr": {
        "mean": 1.41061653,
        "std": 1.14549457
      },
      "bbw": {
        "mean": 0.05959905,
        "std": 0.04456582
      },
      "rsi": {
        "mean": 49.8835445,
        "std": 11.87197928
      },
      "vwap_dist": {
        "mean": 0.02259725,
        "std": 2.48650834
      },
      "adx": {
        "mean": 27.23751559,
        "std": 11.19457234
      },
      "obv": {
        "mean": 10298858.96992081,
        "std": 25901143.89460733
      }
    },
    "BNB_USDT": {
      "atr": {
        "mean": 4.12294847,
        "std": 3.17592423
      },
      "bbw": {
        "mean": 0.03480203,
        "std": 0.0280899
      },
      "rsi": {
        "mean": 50.49010846,
        "std": 11.50260393
      },
      "vwap_dist": {
        "mean": 0.0508521,
        "std": 1.47902228
      },
      "adx": {
        "mean": 26.09066897,
        "std": 10.9292414
      },
      "obv": {
        "mean": 3347139.62995267,
        "std": 3729404.49954589
      }
    },
    "ADA_USDT": {
      "atr": {
        "mean": 0.00696843,
        "std": 0.00578362
      },
      "bbw": {
        "mean": 0.05311707,
        "std": 0.04424538
      },
      "rsi": {
        "mean": 49.49013062,
        "std": 11.62397256
      },
      "vwap_dist": {
        "mean": -0.00265245,
        "std": 2.20117348
      },
      "adx": {
        "mean": 26.52005662,
        "std": 10.9401871
      },
      "obv": {
        "mean": -1372115169.918309,
        "std": 701329347.0903482
      }
    }
  },
  "centroids": {
    "8": {
      "atr_z": 1.349,
      "bbw_z": 2.8169,
      "rsi_z": 1.6275,
      "vwap_dist_z": 2.6277,
      "adx_z": 1.1487,
      "obv_z": 0.2258
    },
    "4": {
      "atr_z": 1.0457,
      "bbw_z": 2.6217,
      "rsi_z": -1.7876,
      "vwap_dist_z": -2.3752,
      "adx_z": 1.4712,
      "obv_z": -0.0427
    },
    "3": {
      "atr_z": 2.4446,
      "bbw_z": 0.8898,
      "rsi_z": -0.492,
      "vwap_dist_z": -0.5705,
      "adx_z": 0.4585,
      "obv_z": 0.7066
    },
    "5": {
      "atr_z": -0.5396,
      "bbw_z": -0.6704,
      "rsi_z": 0.1147,
      "vwap_dist_z": 0.0452,
      "adx_z": -0.6618,
      "obv_z": 0.365
    },
    "1": {
      "atr_z": -0.6879,
      "bbw_z": -0.4192,
      "rsi_z": -0.0372,
      "vwap_dist_z": -0.0418,
      "adx_z": -0.522,
      "obv_z": -1.3225
    },
    "0": {
      "atr_z": 0.6381,
      "bbw_z": -0.0256,
      "rsi_z": 0.7397,
      "vwap_dist_z": 0.6999,
      "adx_z": -0.2643,
      "obv_z": 0.7106
    },
    "2": {
      "atr_z": -0.2983,
      "bbw_z": 0.3833,
      "rsi_z": 1.3622,
      "vwap_dist_z": 1.0408,
      "adx_z": 0.9256,
      "obv_z": -0.2904
    },
    "7": {
      "atr_z": 0.3523,
      "bbw_z": -0.1501,
      "rsi_z": -0.7467,
      "vwap_dist_z": -0.6829,
      "adx_z": -0.3035,
      "obv_z": 0.6964
    },
    "6": {
      "atr_z": -0.3297,
      "bbw_z": 0.1336,
      "rsi_z": -1.1523,
      "vwap_dist_z": -0.7938,
      "adx_z": 1.1125,
      "obv_z": -0.3751
    }
  },
  "feature_order": [
    "atr_z",
    "bbw_z",
    "rsi_z",
    "vwap_dist_z",
    "adx_z",
    "obv_z"
  ],
  "tokens": [
    "BTC_USDT",
    "ETH_USDT",
    "SOL_USDT",
    "BNB_USDT",
    "ADA_USDT"
  ]
}