{
  "windows": {
    "24": {
      "silhouette_scores": {
        "3": 0.323445310407511,
        "5": 0.31000016481299963,
        "7": 0.28662547214080525,
        "9": 0.26209646000253933,
        "12": 0.25910934082796394
      },
      "best_k": 3,
      "best_silhouette": 0.323445310407511,
      "k9_silhouette": 0.26209646000253933,
      "k9_competitive": false,
      "n_vectors": 75442,
      "k3_regime_mapping": {
        "0": "I",
        "1": "D",
        "2": "R"
      },
      "k3_centroids": [
        [
          0.32460962114134084,
          0.7892773732316295,
          0.0548654408697687,
          0.0875503757627046,
          0.1783913690056766,
          0.4371261779960228
        ],
        [
          0.7359823989456395,
          0.19591435201086116,
          0.20078120569130703,
          0.07102602940780048,
          0.17288517673718382,
          0.52570065875486
        ],
        [
          0.5227198453114124,
          0.512301167054231,
          0.13111780809934082,
          0.05169348674207647,
          0.1779924425057629,
          0.6027349546241217
        ]
      ]
    },
    "48": {
      "silhouette_scores": {
        "3": 0.31909211684482164,
        "5": 0.27683826977536663,
        "7": 0.27068118929723667,
        "9": 0.25585284603838443,
        "12": 0.25467771161208247
      },
      "best_k": 3,
      "best_silhouette": 0.31909211684482164,
      "k9_silhouette": 0.25585284603838443,
      "k9_competitive": false,
      "n_vectors": 75370,
      "k3_regime_mapping": {
        "2": "I",
        "1": "D",
        "0": "R"
      },
      "k3_centroids": [
        [
          0.5082139457299057,
          0.5109571825002851,
          0.1266053996671272,
          0.0521809973643029,
          0.18430226028577035,
          0.6197035371389701
        ],
        [
          0.7192230719753142,
          0.22640875583300424,
          0.17774937721663706,
          0.06959742786006629,
          0.18069989235039235,
          0.5483870269300783
        ],
        [
          0.3333666445711909,
          0.7751425714297313,
          0.05214737272382115,
          0.08632370162130298,
          0.1866957713910441,
          0.4551968623105437
        ]
      ]
    },
    "72": {
      "silhouette_scores": {
        "3": 0.30633485908795827,
        "5": 0.2707978605638527,
        "7": 0.2604923557640876,
        "9": 0.2549689981247367,
        "12": 0.24883772192120804
      },
      "best_k": 3,
      "best_silhouette": 0.30633485908795827,
      "k9_silhouette": 0.2549689981247367,
      "k9_competitive": false,
      "n_vectors": 75298,
      "k3_regime_mapping": {
        "1": "I",
        "0": "D",
        "2": "R"
      },
      "k3_centroids": [
        [
          0.7026929781367484,
          0.24417650147458292,
          0.17447157668277968,
          0.06911538306324069,
          0.1832849717590934,
          0.567907740560205
        ],
        [
          0.34447898143799804,
          0.7584023207708798,
          0.05265417452229093,
          0.10040182180963025,
          0.1888741039405525,
          0.47114648066716563
        ],
        [
          0.49891059020070344,
          0.5095415435661292,
          0.13029183099736685,
          0.0543887875073399,
          0.1861295047132401,
          0.629656620512804
        ]
      ]
    }
  },
  "decision": "K3_FALLBACK",
  "best_window": 24,
  "detail": "K=9 not competitive. Falling back to K=3."
}