{
  "window": 72,
  "k": 3,
  "cluster_to_regime": {
    "1": "D",
    "0": "R",
    "2": "I"
  },
  "regime_to_cluster": {
    "D": 1,
    "R": 0,
    "I": 2
  },
  "centroids": {
    "D": {
      "cluster_id": 1,
      "values": [
        0.6989865325507487,
        0.1711135184221773,
        0.39889480250490333,
        0.06266640427699396,
        0.19540063740164682,
        0.48896279059195213
      ],
      "D": 0.6989865325507487,
      "I": 0.1711135184221773,
      "R": 0.39889480250490333,
      "temporal": 0.06266640427699396,
      "density": 0.19540063740164682,
      "entropy": 0.48896279059195213
    },
    "R": {
      "cluster_id": 0,
      "values": [
        0.4875641941341994,
        0.1783849704883015,
        0.6570745181173571,
        0.029737546673252548,
        0.20372003101221325,
        0.46683878047897653
      ],
      "D": 0.4875641941341994,
      "I": 0.1783849704883015,
      "R": 0.6570745181173571,
      "temporal": 0.029737546673252548,
      "density": 0.20372003101221325,
      "entropy": 0.46683878047897653
    },
    "I": {
      "cluster_id": 2,
      "values": [
        0.42780461521231755,
        0.5005631031480595,
        0.38070547144187766,
        0.02956263544924883,
        0.20157192520657968,
        0.5732708998335065
      ],
      "D": 0.42780461521231755,
      "I": 0.5005631031480595,
      "R": 0.38070547144187766,
      "temporal": 0.02956263544924883,
      "density": 0.20157192520657968,
      "entropy": 0.5732708998335065
    }
  },
  "centroid_columns": [
    "D",
    "I",
    "R",
    "temporal",
    "density",
    "entropy"
  ]
}