{
  "run_date": "2026-04-05T22:04:40.406582+00:00",
  "window": 168,
  "architecture": "walk-forward classify \u2192 single continuous backtest",
  "baselines": {
    "BTC": {
      "total_return": 13.749087751736047,
      "sharpe_ratio": 0.8059633409832245,
      "max_drawdown": -0.8294869129579501,
      "n_trades": 1,
      "win_rate": 1.0,
      "avg_pnl": 137279.9646965232,
      "avg_win": 137279.9646965232,
      "avg_loss": 0.0,
      "profit_factor": Infinity,
      "initial_capital": 10000,
      "final_capital": 147490.87751736047,
      "cagr": 0.36569882923401775,
      "calmar_ratio": 0.4408735370277704,
      "years": 8.634817351598173,
      "time_in_market": 1.0,
      "n_transitions": 0
    },
    "ETH": {
      "total_return": 5.4770933586324615,
      "sharpe_ratio": 0.6848002264587209,
      "max_drawdown": -0.9321717384722403,
      "n_trades": 1,
      "win_rate": 1.0,
      "avg_pnl": 54684.059321411936,
      "avg_win": 54684.059321411936,
      "avg_loss": 0.0,
      "profit_factor": Infinity,
      "initial_capital": 10000,
      "final_capital": 64770.933586324616,
      "cagr": 0.24152344810142523,
      "calmar_ratio": 0.2590975869932123,
      "years": 8.635844748858448,
      "time_in_market": 1.0,
      "n_transitions": 0
    },
    "SOL": {
      "total_return": 25.107917523581488,
      "sharpe_ratio": 1.0553343131721482,
      "max_drawdown": -0.9673850123343585,
      "n_trades": 1,
      "win_rate": 1.0,
      "avg_pnl": 250697.9367625488,
      "avg_win": 250697.9367625488,
      "avg_loss": 0.0,
      "profit_factor": Infinity,
      "initial_capital": 10000,
      "final_capital": 261079.17523581488,
      "cagr": 0.7815029642944233,
      "calmar_ratio": 0.8078510151905387,
      "years": 5.64931506849315,
      "time_in_market": 1.0,
      "n_transitions": 0
    },
    "BNB": {
      "total_return": 339.4470188581297,
      "sharpe_ratio": 1.183909941033004,
      "max_drawdown": -0.8310638160785674,
      "n_trades": 1,
      "win_rate": 1.0,
      "avg_pnl": 3389375.435283519,
      "avg_win": 3389375.435283519,
      "avg_loss": 0.0,
      "profit_factor": Infinity,
      "initial_capital": 10000,
      "final_capital": 3404470.1885812967,
      "cagr": 0.9995462036202316,
      "calmar_ratio": 1.2027309868171858,
      "years": 8.414041095890411,
      "time_in_market": 1.0,
      "n_transitions": 0
    },
    "ADA": {
      "total_return": -0.062248990008812344,
      "sharpe_ratio": 0.4592247296604697,
      "max_drawdown": -0.9195801080681394,
      "n_trades": 1,
      "win_rate": 0.0,
      "avg_pnl": -626.3017264829409,
      "avg_win": 0.0,
      "avg_loss": -626.3017264829409,
      "profit_factor": 0.0,
      "initial_capital": 10000,
      "final_capital": 9377.510099911877,
      "cagr": -0.008031572743916637,
      "calmar_ratio": 0.00873395658893647,
      "years": 7.970091324200913,
      "time_in_market": 1.0,
      "n_transitions": 0
    }
  },
  "variants": {
    "A_pure": {
      "config": {
        "d_allocation": 1.0,
        "i_allocation": 0.5,
        "r_allocation": 0.0,
        "macro_r_override": false
      },
      "description": "D=100%, I=50%, R=0% (hourly only)",
      "results": {
        "BTC": {
          "total_return": -0.7848975507348144,
          "sharpe_ratio": -0.1917406919104799,
          "max_drawdown": -0.9232569467118751,
          "n_trades": 1859,
          "win_rate": 0.43410435718128026,
          "avg_pnl": 1.131990237028707,
          "avg_win": 145.8781936712255,
          "avg_loss": -109.90430840498345,
          "profit_factor": 1.0182008476107678,
          "initial_capital": 10000,
          "final_capital": 2151.0244926518567,
          "cagr": -0.16707088341033127,
          "calmar_ratio": 0.18095816555222718,
          "years": 8.405821917808218,
          "time_in_market": 0.6178006910248388,
          "n_transitions": 1859
        },
        "ETH": {
          "total_return": -0.8223286203624167,
          "sharpe_ratio": -0.10104515298722239,
          "max_drawdown": -0.9454111776555765,
          "n_trades": 1863,
          "win_rate": 0.4546430488459474,
          "avg_pnl": 0.8932242966458082,
          "avg_win": 146.1127810402343,
          "avg_loss": -120.17071720120796,
          "profit_factor": 1.0136295344483326,
          "initial_capital": 10000,
          "final_capital": 1776.7137963758323,
          "cagr": -0.1857804462954188,
          "calmar_ratio": 0.1965075627264274,
          "years": 8.406849315068493,
          "time_in_market": 0.6342233042721326,
          "n_transitions": 1863
        },
        "SOL": {
          "total_return": -0.9513247799794835,
          "sharpe_ratio": -0.327970227637724,
          "max_drawdown": -0.9914523066915759,
          "n_trades": 1333,
          "win_rate": 0.46136534133533386,
          "avg_pnl": -10.286059606185859,
          "avg_win": 264.71131056162415,
          "avg_loss": -245.83394630981147,
          "profit_factor": 0.9223193431861042,
          "initial_capital": 10000,
          "final_capital": 486.75220020516514,
          "cagr": -0.42740075520935594,
          "calmar_ratio": 0.43108554221389606,
          "years": 5.421004566210046,
          "time_in_market": 0.6769259938064842,
          "n_transitions": 1333
        },
        "BNB": {
          "total_return": -0.8459049101748436,
          "sharpe_ratio": -0.08448020671900372,
          "max_drawdown": -0.9408247774312218,
          "n_trades": 1955,
          "win_rate": 0.451150895140665,
          "avg_pnl": 2.0727212215620847,
          "avg_win": 148.44064856702335,
          "avg_loss": -118.24089659642192,
          "profit_factor": 1.031938919478393,
          "initial_capital": 10000,
          "final_capital": 1540.9508982515645,
          "cagr": -0.20425154286846037,
          "calmar_ratio": 0.21709838831640677,
          "years": 8.185616438356165,
          "time_in_market": 0.6039309362165787,
          "n_transitions": 1955
        },
        "ADA": {
          "total_return": -0.9573071831897537,
          "sharpe_ratio": -0.30072605456593005,
          "max_drawdown": -0.9652167592699971,
          "n_trades": 1696,
          "win_rate": 0.46049528301886794,
          "avg_pnl": -4.459582935555257,
          "avg_win": 39.02499925987182,
          "avg_loss": -41.57593123569575,
          "profit_factor": 0.8011813990985619,
          "initial_capital": 10000,
          "final_capital": 426.9281681024633,
          "cagr": -0.3346701735248995,
          "calmar_ratio": 0.34673058700101084,
          "years": 7.739726027397261,
          "time_in_market": 0.6171472442456187,
          "n_transitions": 1696
        }
      }
    },
    "B_macro_gate": {
      "config": {
        "d_allocation": 1.0,
        "i_allocation": 0.5,
        "r_allocation": 0.0,
        "macro_r_override": true
      },
      "description": "D=100%, I=50%, R=0% + macro R override",
      "results": {
        "BTC": {
          "total_return": -0.6579503950747172,
          "sharpe_ratio": -0.16978415494310473,
          "max_drawdown": -0.8780786334930399,
          "n_trades": 1289,
          "win_rate": 0.43444530643910007,
          "avg_pnl": 0.3491779341631558,
          "avg_win": 130.9361709045736,
          "avg_loss": -99.96456152184489,
          "profit_factor": 1.0061762677483619,
          "initial_capital": 10000,
          "final_capital": 3420.4960492528285,
          "cagr": -0.11981729317820511,
          "calmar_ratio": 0.13645394456481197,
          "years": 8.405821917808218,
          "time_in_market": 0.6178006910248388,
          "n_transitions": 1289
        },
        "ETH": {
          "total_return": -0.8716410150733883,
          "sharpe_ratio": -0.31053506297910727,
          "max_drawdown": -0.9091596281930903,
          "n_trades": 1550,
          "win_rate": 0.45548387096774196,
          "avg_pnl": -2.0918508069858475,
          "avg_win": 61.64050466951986,