{
  "BTC": {
    "total_d_regimes": 633,
    "mean_duration": 33.08372827804107,
    "median_duration": 5.0,
    "survival_curve": {
      "1": 1.0,
      "2": 0.7457,
      "3": 0.6524,
      "4": 0.5687,
      "5": 0.5182,
      "6": 0.4866,
      "7": 0.4534,
      "8": 0.436,
      "9": 0.4139,
      "10": 0.4013,
      "11": 0.3902,
      "12": 0.3776,
      "13": 0.3633,
      "14": 0.3539,
      "15": 0.3476,
      "16": 0.3428,
      "17": 0.3365,
      "18": 0.3333,
      "19": 0.3239,
      "20": 0.316,
      "21": 0.3128,
      "22": 0.3065,
      "23": 0.2986,
      "24": 0.2891,
      "25": 0.2828,
      "26": 0.2828,
      "27": 0.2765,
      "28": 0.2749,
      "29": 0.2749,
      "30": 0.2717,
      "31": 0.2686,
      "32": 0.2686,
      "33": 0.2654,
      "34": 0.2607,
      "35": 0.2559,
      "36": 0.2512,
      "37": 0.2449,
      "38": 0.2417,
      "39": 0.2417,
      "40": 0.237,
      "41": 0.2354,
      "42": 0.2306,
      "43": 0.2227,
      "44": 0.2227,
      "45": 0.2196,
      "46": 0.218,
      "47": 0.2148,
      "48": 0.2117,
      "49": 0.2101,
      "50": 0.2054
    },
    "hazard_rate": {
      "1": 0.2543,
      "2": 0.125,
      "3": 0.1283,
      "4": 0.0889,
      "5": 0.061,
      "6": 0.0682,
      "7": 0.0383,
      "8": 0.0507,
      "9": 0.0305,
      "10": 0.0276,
      "11": 0.0324,
      "12": 0.0377,
      "13": 0.0261,
      "14": 0.0179,
      "15": 0.0136,
      "16": 0.0184,
      "17": 0.0094,
      "18": 0.0284,
      "19": 0.0244,
      "20": 0.01,
      "21": 0.0202,
      "22": 0.0258,
      "23": 0.0317,
      "24": 0.0219,
      "25": 0.0,
      "26": 0.0223,
      "27": 0.0057,
      "28": 0.0,
      "29": 0.0115,
      "30": 0.0116,
      "31": 0.0,
      "32": 0.0118,
      "33": 0.0179,
      "34": 0.0182,
      "35": 0.0185,
      "36": 0.0252,
      "37": 0.0129,
      "38": 0.0,
      "39": 0.0196,
      "40": 0.0067,
      "41": 0.0201,
      "42": 0.0342,
      "43": 0.0,
      "44": 0.0142,
      "45": 0.0072,
      "46": 0.0145,
      "47": 0.0147,
      "48": 0.0075,
      "49": 0.0226
    },
    "pct_dead_by_5": 0.4818,
    "pct_dead_by_10": 0.5987
  },
  "ETH": {
    "total_d_regimes": 740,
    "mean_duration": 28.4527027027027,
    "median_duration": 5.0,
    "survival_curve": {
      "1": 1.0,
      "2": 0.7419,
      "3": 0.6284,
      "4": 0.5527,
      "5": 0.5068,
      "6": 0.4851,
      "7": 0.4568,
      "8": 0.4257,
      "9": 0.4027,
      "10": 0.3905,
      "11": 0.3784,
      "12": 0.3635,
      "13": 0.3473,
      "14": 0.3365,
      "15": 0.3311,
      "16": 0.3189,
      "17": 0.3081,
      "18": 0.3014,
      "19": 0.2946,
      "20": 0.2905,
      "21": 0.2811,
      "22": 0.273,
      "23": 0.2662,
      "24": 0.2635,
      "25": 0.2527,
      "26": 0.2486,
      "27": 0.2459,
      "28": 0.2419,
      "29": 0.2392,
      "30": 0.2324,
      "31": 0.2284,
      "32": 0.2257,
      "33": 0.2243,
      "34": 0.223,
      "35": 0.2216,
      "36": 0.2176,
      "37": 0.2149,
      "38": 0.2122,
      "39": 0.2108,
      "40": 0.2095,
      "41": 0.2054,
      "42": 0.2027,
      "43": 0.1973,
      "44": 0.1973,
      "45": 0.1919,
      "46": 0.1892,
      "47": 0.1865,
      "48": 0.1851,
      "49": 0.1797,
      "50": 0.1797
    },
    "hazard_rate": {
      "1": 0.2581,
      "2": 0.153,
      "3": 0.1204,
      "4": 0.0831,
      "5": 0.0427,
      "6": 0.0585,
      "7": 0.068,
      "8": 0.054,
      "9": 0.0302,
      "10": 0.0311,
      "11": 0.0393,
      "12": 0.0446,
      "13": 0.0311,
      "14": 0.0161,
      "15": 0.0367,
      "16": 0.0339,
      "17": 0.0219,
      "18": 0.0224,
      "19": 0.0138,
      "20": 0.0326,
      "21": 0.0288,
      "22": 0.0248,
      "23": 0.0102,
      "24": 0.041,
      "25": 0.016,
      "26": 0.0109,
      "27": 0.0165,
      "28": 0.0112,
      "29": 0.0282,
      "30": 0.0174,
      "31": 0.0118,
      "32": 0.006,
      "33": 0.006,
      "34": 0.0061,
      "35": 0.0183,
      "36": 0.0124,
      "37": 0.0126,
      "38": 0.0064,
      "39": 0.0064,
      "40": 0.0194,
      "41": 0.0132,
      "42": 0.0267,
      "43": 0.0,
      "44": 0.0274,
      "45": 0.0141,
      "46": 0.0143,
      "47": 0.0072,
      "48": 0.0292,
      "49": 0.0
    },
    "pct_dead_by_5": 0.4932,
    "pct_dead_by_10": 0.6095
  },
  "SOL": {
    "total_d_regimes": 634,
    "mean_duration": 22.665615141955836,
    "median_duration": 4.0,
    "survival_curve": {
      "1": 1.0,
      "2": 0.7287,
      "3": 0.6151,
      "4": 0.5221,
      "5": 0.4842,
      "6": 0.4495,
      "7": 0.4196,
      "8": 0.388,
      "9": 0.3691,
      "10": 0.3502,
      "11": 0.3344,
      "12": 0.3233,
      "13": 0.3091,
      "14": 0.3013,
      "15": 0.2871,
      "16": 0.2776,
      "17": 0.2666,
      "18": 0.2571,
      "19": 0.2555,
      "20": 0.2492,
      "21": 0.2492,
      "22": 0.2445,
      "23": 0.2366,
      "24": 0.2319,
      "25": 0.224,
      "26": 0.2177,
      "27": 0.2129,
      "28": 0.205,
      "29": 0.1987,
      "30": 0.1987,
      "31": 0.194,
      "32": 0.194,
      "33": 0.1893,
      "34": 0.1893,
      "35": 0.1877,
      "36": 0.183,
      "37": 0.1751,
      "38": 0.1719,
      "39": 0.1656,
      "40": 0.164,
      "41": 0.164,
      "42": 0.1609,
      "43": 0.1562,
      "44": 0.1514,
      "45": 0.1498,
      "46": 0.1435,
      "47": 0.142,
      "48": 0.1404,
      "49": 0.1404,
      "50": 0.1388
    },
    "hazard_rate": {
      "1": 0.2713,
      "2": 0.1558,
      "3": 0.1513,
      "4": 0.0725,
      "5": 0.0717,
      "6": 0.0667,
      "7": 0.0752,
      "8": 0.0488,
      "9": 0.0513,
      "10": 0.045,
      "11": 0.033,
      "12": 0.0439,
      "13": 0.0255,
      "14": 0.0471,
      "15": 0.033,
      "16": 0.0398,
      "17": 0.0355,
      "18": 0.0061,
      "19": 0.0247,
      "20": 0.0,
      "21": 0.019,
      "22": 0.0323,
      "23": 0.02,
      "24": 0.034,
      "25": 0.0282,
      "26": 0.0217,
      "27": 0.037,
      "28": 0.0308,
      "29": 0.0,
      "30": 0.0238,
      "31": 0.0,
      "32": 0.0244,
      "33": 0.0,
      "34": 0.0083,
      "35": 0.0252,
      "36": 0.0431,
      "37": 0.018,
      "38": 0.0367,
      "39": 0.0095,
      "40": 0.0,
      "41": 0.0192,
      "42": 0.0294,
      "43": 0.0303,
      "44": 0.0104,
      "45": 0.0421,
      "46": 0.011,
      "47": 0.0111,
      "48": 0.0,
      "49": 0.0112
    },
    "pct_dead_by_5": 0.5158,
    "pct_dead_by_10": 0.6498
  },
  "BNB": {
    "total_d_regimes": 660,
    "mean_duration": 28.184848484848484,
    "median_duration": 5.0,
    "survival_curve": {
      "1": 1.0,
      "2": 0.75,
      "3": 0.6394,
      "4": 0.5727,
      "5": 0.5212,
      "6": 0.4818,
      "7": 0.4545,
      "8": 0.4318,
      "9": 0.403,
      "10": 0.3833,
      "11": 0.3652,
      "12": 0.3485,
      "13": 0.3348,
      "14": 0.3152,
      "15": 0.3091,
      "16": 0.3015,
      "17": 0.297,
      "18": 0.2879,
      "19": 0.2848,
      "20": 0.2803,
      "21": 0.2742,
      "22": 0.2682,
      "23": 0.2606,
      "24": 0.2545,
      "25": 0.2485,
      "26": 0.2455,
      "27": 0.2394,
      "28": 0.2379,
      "29": 0.2379,
      "30": 0.2333,
      "31": 0.2303,
      "32": 0.2273,
      "33": 0.2258,
      "34": 0.2212,
      "35": 0.2136,
      "36": 0.2121,
      "37": 0.203,
      "38": 0.2,
      "39": 0.1939,
      "40": 0.1894,
      "41": 0.1864,
      "42": 0.1864,
      "43": 0.1864,
      "44": 0.1848,
      "45": 0.1818,
      "46": 0.1818,
      "47": 0.1727,
      "48": 0.1712,
      "49": 0.1712,
      "50": 0.1697
    },
    "hazard_rate": {
      "1": 0.25,
      "2": 0.1475,
      "3": 0.1043,
      "4": 0.0899,
      "5": 0.0756,
      "6": 0.0566,
      "7": 0.05,
      "8": 0.0667,
      "9": 0.0489,
      "10": 0.0474,
      "11": 0.0456,
      "12": 0.0391,
      "13": 0.0588,
      "14": 0.0192,
      "15": 0.0245,
      "16": 0.0151,
      "17": 0.0306,
      "18": 0.0105,
      "19": 0.016,