{
  "method": "row-normalized Markov from KMeans K=9",
  "total_transitions": 175175,
  "probability_matrix": {
    "0->0": 0.80316,
    "0->1": 0.00395,
    "0->2": 0.02921,
    "0->3": 0.01408,
    "0->4": 4e-05,
    "0->5": 0.0629,
    "0->6": 0.00065,
    "0->7": 0.07774,
    "0->8": 0.00827,
    "1->0": 0.00277,
    "1->1": 0.92838,
    "1->2": 0.02792,
    "1->3": 0.0,
    "1->4": 0.00035,
    "1->5": 0.00664,
    "1->6": 0.02843,
    "1->7": 0.00529,
    "1->8": 0.00022,
    "2->0": 0.03531,
    "2->1": 0.04822,
    "2->2": 0.8451,
    "2->3": 0.00166,
    "2->4": 0.00032,
    "2->5": 0.0262,
    "2->6": 0.02475,
    "2->7": 0.00273,
    "2->8": 0.0157,
    "3->0": 0.06921,
    "3->1": 0.00014,
    "3->2": 0.00285,
    "3->3": 0.84245,
    "3->4": 0.03393,
    "3->5": 0.0,
    "3->6": 0.00801,
    "3->7": 0.02714,
    "3->8": 0.01628,
    "4->0": 0.00019,
    "4->1": 0.0027,
    "4->2": 0.00116,
    "4->3": 0.0695,
    "4->4": 0.83552,
    "4->5": 0.0,
    "4->6": 0.07085,
    "4->7": 0.01042,
    "4->8": 0.00965,
    "5->0": 0.04141,
    "5->1": 0.00467,
    "5->2": 0.0127,
    "5->3": 0.0,
    "5->4": 0.0,
    "5->5": 0.87333,
    "5->6": 0.00644,
    "5->7": 0.06143,
    "5->8": 0.0,
    "6->0": 0.00562,
    "6->1": 0.04735,
    "6->2": 0.02275,
    "6->3": 0.00256,
    "6->4": 0.01923,
    "6->5": 0.02023,
    "6->6": 0.86302,
    "6->7": 0.01918,
    "6->8": 5e-05,
    "7->0": 0.0718,
    "7->1": 0.00552,
    "7->2": 4e-05,
    "7->3": 0.00768,
    "7->4": 0.00672,
    "7->5": 0.08541,
    "7->6": 0.02706,
    "7->7": 0.79564,
    "7->8": 0.00012,
    "8->0": 0.03121,
    "8->1": 0.00086,
    "8->2": 0.06802,
    "8->3": 0.03831,
    "8->4": 0.0071,
    "8->5": 0.0,
    "8->6": 0.00065,
    "8->7": 0.0,
    "8->8": 0.85385
  },
  "count_matrix": {
    "0->0": 19908,
    "0->1": 98,
    "0->2": 724,
    "0->3": 349,
    "0->4": 1,
    "0->5": 1559,
    "0->6": 16,
    "0->7": 1927,
    "0->8": 205,
    "1->0": 88,
    "1->1": 29490,
    "1->2": 887,
    "1->3": 0,
    "1->4": 11,
    "1->5": 211,
    "1->6": 903,
    "1->7": 168,
    "1->8": 7,
    "2->0": 659,
    "2->1": 900,
    "2->2": 15773,
    "2->3": 31,
    "2->4": 6,
    "2->5": 489,
    "2->6": 462,
    "2->7": 51,
    "2->8": 293,
    "3->0": 510,
    "3->1": 1,
    "3->2": 21,
    "3->3": 6208,
    "3->4": 250,
    "3->5": 0,
    "3->6": 59,
    "3->7": 200,
    "3->8": 120,
    "4->0": 1,
    "4->1": 14,
    "4->2": 6,
    "4->3": 360,
    "4->4": 4328,
    "4->5": 0,
    "4->6": 367,
    "4->7": 54,
    "4->8": 50,
    "5->0": 1568,
    "5->1": 177,
    "5->2": 481,
    "5->3": 0,
    "5->4": 0,
    "5->5": 33067,
    "5->6": 244,
    "5->7": 2326,
    "5->8": 0,
    "6->0": 112,
    "6->1": 943,
    "6->2": 453,
    "6->3": 51,
    "6->4": 383,
    "6->5": 403,
    "6->6": 17188,
    "6->7": 382,
    "6->8": 1,
    "7->0": 1794,
    "7->1": 138,
    "7->2": 1,
    "7->3": 192,
    "7->4": 168,
    "7->5": 2134,
    "7->6": 676,
    "7->7": 19879,
    "7->8": 3,
    "8->0": 145,
    "8->1": 4,
    "8->2": 316,
    "8->3": 178,
    "8->4": 33,
    "8->5": 0,
    "8->6": 3,
    "8->7": 0,
    "8->8": 3967
  },
  "self_transitions": {
    "0": 0.80316,
    "1": 0.92838,
    "2": 0.8451,
    "3": 0.84245,
    "4": 0.83552,
    "5": 0.87333,
    "6": 0.86302,
    "7": 0.79564,
    "8": 0.85385
  },
  "stationary_distribution": {
    "0": 0.14144,
    "1": 0.18134,
    "2": 0.10647,
    "3": 0.04207,
    "4": 0.02958,
    "5": 0.21614,
    "6": 0.11378,
    "7": 0.14267,
    "8": 0.02651
  },
  "top_corridors": [
    {
      "from": 7,
      "to": 5,
      "prob": 0.08541,
      "count": 2134
    },
    {
      "from": 0,
      "to": 7,
      "prob": 0.07774,
      "count": 1927
    },
    {
      "from": 7,
      "to": 0,
      "prob": 0.0718,
      "count": 1794
    },
    {
      "from": 4,
      "to": 6,
      "prob": 0.07085,
      "count": 367
    },
    {
      "from": 4,
      "to": 3,
      "prob": 0.0695,
      "count": 360
    },
    {
      "from": 3,
      "to": 0,
      "prob": 0.06921,
      "count": 510
    },
    {
      "from": 8,
      "to": 2,
      "prob": 0.06802,
      "count": 316
    },
    {
      "from": 0,
      "to": 5,
      "prob": 0.0629,
      "count": 1559
    },
    {
      "from": 5,
      "to": 7,
      "prob": 0.06143,
      "count": 2326
    },
    {
      "from": 2,
      "to": 1,
      "prob": 0.04822,
      "count": 900
    }
  ],
  "forbidden_transitions": [
    {
      "from": 1,
      "to": 3,
      "prob": 0.0,
      "count": 0
    },
    {
      "from": 3,
      "to": 5,
      "prob": 0.0,
      "count": 0
    },
    {
      "from": 4,
      "to": 5,
      "prob": 0.0,
      "count": 0
    },
    {
      "from": 5,
      "to": 3,
      "prob": 0.0,
      "count": 0
    },
    {
      "from": 5,
      "to": 4,
      "prob": 0.0,
      "count": 0
    },
    {
      "from": 5,
      "to": 8,
      "prob": 0.0,
      "count": 0
    },
    {
      "from": 8,
      "to": 5,
      "prob": 0.0,
      "count": 0
    },
    {
      "from": 8,
      "to": 7,
      "prob": 0.0,
      "count": 0
    },
    {
      "from": 7,
      "to": 2,
      "prob": 4e-05,
      "count": 1
    },
    {
      "from": 0,
      "to": 4,
      "prob": 4e-05,
      "count": 1
    },
    {
      "from": 6,
      "to": 8,
      "prob": 5e-05,
      "count": 1
    },
    {
      "from": 7,
      "to": 8,
      "prob": 0.00012,
      "count": 3
    },
    {
      "from": 3,
      "to": 1,
      "prob": 0.000136,
      "count": 1
    },
    {
      "from": 4,
      "to": 0,
      "prob": 0.000193,
      "count": 1
    },
    {
      "from": 1,
      "to": 8,
      "prob": 0.00022,
      "count": 7
    },
    {
      "from": 2,
      "to": 4,
      "prob": 0.000321,
      "count": 6
    },
    {
      "from": 1,
      "to": 4,
      "prob": 0.000346,
      "count": 11
    },
    {
      "from": 0,
      "to": 6,
      "prob": 0.000645,
      "count": 16
    },
    {
      "from": 8,
      "to": 6,
      "prob": 0.000646,
      "count": 3
    },
    {
      "from": 8,
      "to": 1,
      "prob": 0.000861,
      "count": 4
    }
  ]
}