{
  "BTC": {
    "transition_matrix": {
      "D": {
        "D": 0.9697736605863815,
        "I": 0.006780632222328335,
        "R": 0.02344570719129023
      },
      "I": {
        "D": 0.005559189012426423,
        "I": 0.9462475474166122,
        "R": 0.04819326357096141
      },
      "R": {
        "D": 0.01769123981062898,
        "I": 0.041789769693517956,
        "R": 0.9405189904958531
      }
    },
    "raw_counts": {
      "D": {
        "D": 20309,
        "R": 491,
        "I": 142
      },
      "I": {
        "I": 23149,
        "R": 1179,
        "D": 136
      },
      "R": {
        "R": 26422,
        "I": 1174,
        "D": 497
      }
    },
    "avg_duration_bars": {
      "D": 33.08372827804107,
      "I": 18.590425531914892,
      "R": 16.812088569718732
    },
    "median_duration_bars": {
      "D": 5.0,
      "I": 2.0,
      "R": 3.0
    },
    "regime_distribution": {
      "D": 0.2849251700680272,
      "I": 0.33285714285714285,
      "R": 0.38221768707482995
    },
    "total_bars": 73500,
    "key_probabilities": {
      "P(D->I)": 0.006780632222328335,
      "P(I->D)": 0.005559189012426423,
      "P(D->R)": 0.02344570719129023,
      "P(I->R)": 0.04819326357096141,
      "P(D->D)": 0.9697736605863815,
      "P(I->I)": 0.9462475474166122,
      "P(R->R)": 0.9405189904958531
    },
    "d_i_d_macro_basin": false,
    "d_i_d_explanation": "P(I->D)=0.006 vs P(I->R)=0.048 \u2192 I->R is more likely, no macro-basin"
  },
  "ETH": {
    "transition_matrix": {
      "D": {
        "D": 0.9648539539301828,
        "I": 0.0089289954880076,
        "R": 0.026217050581809547
      },
      "I": {
        "D": 0.007352653603973562,
        "I": 0.9495091712620751,
        "R": 0.04313817513395127
      },
      "R": {
        "D": 0.02050232558139535,
        "I": 0.04104186046511628,
        "R": 0.9384558139534884
      }
    },
    "raw_counts": {
      "D": {
        "D": 20315,
        "R": 552,
        "I": 188
      },
      "I": {
        "D": 188,
        "I": 24278,
        "R": 1103
      },
      "R": {
        "D": 551,
        "R": 25221,
        "I": 1103
      }
    },
    "avg_duration_bars": {
      "D": 28.4527027027027,
      "I": 19.80557707203718,
      "R": 16.2392749244713
    },
    "median_duration_bars": {
      "D": 5.0,
      "I": 2.0,
      "R": 4.0
    },
    "regime_distribution": {
      "D": 0.2864625850340136,
      "I": 0.3478775510204082,
      "R": 0.36565986394557826
    },
    "total_bars": 73500,
    "key_probabilities": {
      "P(D->I)": 0.0089289954880076,
      "P(I->D)": 0.007352653603973562,
      "P(D->R)": 0.026217050581809547,
      "P(I->R)": 0.04313817513395127,
      "P(D->D)": 0.9648539539301828,
      "P(I->I)": 0.9495091712620751,
      "P(R->R)": 0.9384558139534884
    },
    "d_i_d_macro_basin": false,
    "d_i_d_explanation": "P(I->D)=0.007 vs P(I->R)=0.043 \u2192 I->R is more likely, no macro-basin"
  },
  "SOL": {
    "transition_matrix": {
      "D": {
        "D": 0.9558803061934585,
        "I": 0.016701461377870562,
        "R": 0.027418232428670843
      },
      "I": {
        "D": 0.013690783066964541,
        "I": 0.9499341238471674,
        "R": 0.036375093085868136
      },
      "R": {
        "D": 0.026034800949116792,
        "I": 0.041787503295544426,
        "R": 0.9321776957553388
      }
    },
    "raw_counts": {
      "D": {
        "R": 394,
        "D": 13736,
        "I": 240
      },
      "I": {
        "I": 16583,
        "R": 635,
        "D": 239
      },
      "R": {
        "R": 14143,
        "I": 634,
        "D": 395
      }
    },
    "avg_duration_bars": {
      "D": 22.665615141955836,
      "I": 19.973684210526315,
      "R": 14.73106796116505
    },
    "median_duration_bars": {
      "D": 4.0,
      "I": 2.0,
      "R": 3.0
    },
    "regime_distribution": {
      "D": 0.3057446808510638,
      "I": 0.37142553191489364,
      "R": 0.32282978723404254
    },
    "total_bars": 47000,
    "key_probabilities": {
      "P(D->I)": 0.016701461377870562,
      "P(I->D)": 0.013690783066964541,
      "P(D->R)": 0.027418232428670843,
      "P(I->R)": 0.036375093085868136,
      "P(D->D)": 0.9558803061934585,
      "P(I->I)": 0.9499341238471674,
      "P(R->R)": 0.9321776957553388
    },
    "d_i_d_macro_basin": false,
    "d_i_d_explanation": "P(I->D)=0.014 vs P(I->R)=0.036 \u2192 I->R is more likely, no macro-basin"
  },
  "BNB": {
    "transition_matrix": {
      "D": {
        "D": 0.9645199440920331,
        "I": 0.008386195032792173,
        "R": 0.02709386087517471
      },
      "I": {
        "D": 0.006133225020308692,
        "I": 0.9433793663688058,
        "R": 0.05048740861088546
      },
      "R": {
        "D": 0.018000495102026382,
        "I": 0.04374580047388337,
        "R": 0.9382537044240903
      }
    },
    "raw_counts": {
      "D": {
        "D": 17942,
        "R": 504,
        "I": 156
      },
      "I": {
        "I": 23226,
        "R": 1243,
        "D": 151
      },
      "R": {
        "I": 1237,
        "R": 26531,
        "D": 509
      }
    },
    "avg_duration_bars": {
      "D": 28.184848484848484,
      "I": 17.661406025824963,
      "R": 16.186605609616485
    },
    "median_duration_bars": {
      "D": 5.0,
      "I": 2.0,
      "R": 3.0
    },
    "regime_distribution": {
      "D": 0.2601678321678322,
      "I": 0.3443356643356643,
      "R": 0.3954965034965035
    },
    "total_bars": 71500,
    "key_probabilities": {
      "P(D->I)": 0.008386195032792173,
      "P(I->D)": 0.006133225020308692,
      "P(D->R)": 0.02709386087517471,
      "P(I->R)": 0.05048740861088546,
      "P(D->D)": 0.9645199440920331,
      "P(I->I)": 0.9433793663688058,
      "P(R->R)": 0.9382537044240903
    },
    "d_i_d_macro_basin": false,
    "d_i_d_explanation": "P(I->D)=0.006 vs P(I->R)=0.050 \u2192 I->R is more likely, no macro-basin"
  },
  "ADA": {
    "transition_matrix": {
      "D": {
        "D": 0.9610111644588419,
        "I": 0.009371203794759067,
        "R": 0.029617631746399028
      },
      "I": {
        "D": 0.00648125358930183,
        "I": 0.9537697924358027,
        "R": 0.0397489539748954
      },
      "R": {
        "D": 0.020012386777115428,
        "I": 0.037353874738716424,
        "R": 0.9426337384841682
      }
    },
    "raw_counts": {
      "D": {
        "R": 512,
        "I": 162,
        "D": 16613
      },
      "I": {
        "R": 969,
        "I": 23251,
        "D": 158
      },
      "R": {
        "I": 965,
        "R": 24352,
        "D": 517
      }
    },
    "avg_duration_bars": {
      "D": 25.611851851851853,
      "I": 21.630878438331855,
      "R": 17.431848852901485
    },
    "median_duration_bars": {
      "D": 4.0,
      "I": 2.0,
      "R": 3.0
    },
    "regime_distribution": {
      "D": 0.2561185185185185,
      "I": 0.36115555555555556,
      "R": 0.3827259259259259
    },
    "total_bars": 67500,
    "key_probabilities": {
      "P(D->I)": 0.009371203794759067,
      "P(I->D)": 0.00648125358930183,
      "P(D->R)": 0.029617631746399028,
      "P(I->R)": 0.0397489539748954,
      "P(D->D)": 0.9610111644588419,
      "P(I->I)": 0.9537697924358027,
      "P(R->R)": 0.9426337384841682
    },
    "d_i_d_macro_basin": false,
    "d_i_d_explanation": "P(I->D)=0.006 vs P(I->R)=0.040 \u2192 I->R is more likely, no macro-basin"
  }
}